version,module_hint,address_hex,address_int,name,rel_file,line,signature,tag_rest
1.00,D2Common,0x10056EC0,268791488,PATH_AStar_ComputePath,source/D2Common/src/Path/AStar.cpp,127,int __fastcall PATH_AStar_ComputePath(D2PathInfoStrc* pPathInfo) {,
1.00,D2Common,0x10057A10,268794384,PATH_AStar_FindPointInVisitedCache,source/D2Common/include/Path/AStar.h,62,"D2PathFoWallNodeStrc* __fastcall PATH_AStar_FindPointInVisitedCache(D2PathFoWallContextStrc* pContext, D2PathPointStrc tPathPoint);",
1.00,D2Common,0x10057A10,268794384,PATH_AStar_FindPointInVisitedCache,source/D2Common/src/Path/AStar.cpp,279,"D2PathFoWallNodeStrc* __fastcall PATH_AStar_FindPointInVisitedCache(D2PathFoWallContextStrc* pContext, D2PathPointStrc tPathPoint) {",
1.00,D2Common,0x10057A10,268794384,PATH_AStar_GetNodeFromPendingCache,source/D2Common/include/Path/AStar.h,58,"D2PathFoWallNodeStrc* __fastcall PATH_AStar_GetNodeFromPendingCache(D2PathFoWallContextStrc* pContext, D2PathPointStrc tPathPoint);",
1.00,D2Common,0x10057A10,268794384,PATH_AStar_GetNodeFromPendingCache,source/D2Common/src/Path/AStar.cpp,261,"D2PathFoWallNodeStrc* __fastcall PATH_AStar_GetNodeFromPendingCache(D2PathFoWallContextStrc* pContext, D2PathPointStrc tPathPoint) {",
1.00,D2Common,0x10059110,268800272,D2Common_10142,source/D2Common/include/Path/Path.h,230,"D2COMMON_DLL_DECL int __stdcall D2Common_10142(D2DynamicPathStrc* pPath, D2UnitStrc* pUnit, int bAllowInTown);",(#10141)
1.00,D2Common,0x10059110,268800272,D2Common_10142,source/D2Common/src/Path/Path.cpp,350,"int __stdcall D2Common_10142(D2DynamicPathStrc* pPath, D2UnitStrc* pUnit, int bAllowInTown) {",(#10141)
1.00,D2Common,0x1005B6D0,268809936,sub_6FDAA880,source/D2Common/src/Path/PathMisc.cpp,158,"BOOL __fastcall sub_6FDAA880(D2PathInfoStrc* pPathInfo, int* pTestDir, D2PathPointStrc pPoint, int* pDirection) {",
1.00,D2Common,0x1005B890,268810384,PATH_Toward_6FDAA9F0,source/D2Common/src/Path/PathMisc.cpp,265,int __fastcall PATH_Toward_6FDAA9F0(D2PathInfoStrc *pPathInfo) {,
1.00,D2Common,0x1005BB30,268811056,PATH_CheckCollisionsToNextPosition,source/D2Common/include/Path/PathMisc.h,33,"BOOL __fastcall PATH_CheckCollisionsToNextPosition(D2DynamicPathStrc* pDynamicPath, D2PathPointStrc* pGameCoord);",
1.00,D2Common,0x1005BB30,268811056,PATH_CheckCollisionsToNextPosition,source/D2Common/src/Path/PathMisc.cpp,338,"BOOL __fastcall PATH_CheckCollisionsToNextPosition(D2DynamicPathStrc* pDynamicPath, D2PathPointStrc* pGameCoord) {",
1.00,D2Common,0x1005BCA0,268811424,PATH_RayTrace,source/D2Common/include/Path/PathMisc.h,51,"BOOL __fastcall PATH_RayTrace(D2DynamicPathStrc* pDynamicPath, D2PathPointStrc* pPathDestination, D2PathPointStrc tStartCoord);",
1.00,D2Common,0x1005BCA0,268811424,PATH_RayTrace,source/D2Common/src/Path/PathMisc.cpp,374,"BOOL __fastcall PATH_RayTrace(D2DynamicPathStrc* pDynamicPath, D2PathPointStrc* pPathDestination, D2PathPointStrc tStartCoord) {",
1.00,D2Common,0x1005D100,268816640,sub_6FDAB7D0,source/D2Common/src/Path/PathMisc.cpp,875,"void __fastcall sub_6FDAB7D0(int* pTestDir, int nUnused, D2PathPointStrc pPoint1, D2PathPointStrc pPoint2) {",
1.00,D2Common,0x1005E6D0,268822224,PATH_GetDirectionVector,source/D2Common/src/Path/Step.cpp,155,"void __fastcall PATH_GetDirectionVector(D2CoordStrc* pDirectionVector, int* pOutDirection, DWORD dwStartPrecisionX, DWORD dwStartPrecisionY, DWORD dwTargetPrecisionX, DWORD dwTargetPrecisionY) {",
1.00,D2Common,0x1005E9C0,268822976,PATH_ComputeVelocityAndDirectionVectorsToNextPoint,source/D2Common/include/Path/PathMisc.h,68,"void __fastcall PATH_ComputeVelocityAndDirectionVectorsToNextPoint(D2DynamicPathStrc* pPath, BOOL bNormalizeDirectionIfSamePos, BOOL bForceDirectionNormalization);",
1.00,D2Common,0x1005E9C0,268822976,PATH_ComputeVelocityAndDirectionVectorsToNextPoint,source/D2Common/src/Path/PathMisc.cpp,1011,"void __fastcall PATH_ComputeVelocityAndDirectionVectorsToNextPoint(D2DynamicPathStrc* pPath, BOOL bNormalizeDirectionIfSamePos, BOOL bForceDirectionNormalization) {",
1.00,D2Common,0x1005EEB0,268824240,D2Common_10226,source/D2Common/src/Path/PathMisc.cpp,1202,"BOOL __stdcall D2Common_10226(D2UnitStrc* pUnit, signed int a2) {",(#10223)
1.00,D2Common,0x1005F220,268825120,PATH_RecacheRoomAtCoordIfNeeded,source/D2Common/include/Path/Step.h,14,"void PATH_RecacheRoomAtCoordIfNeeded(D2DynamicPathStrc* pPath, D2ActiveRoomStrc* pHintRoom, uint32_t nPrecisionX, uint32_t nPrecisionY);",
1.00,D2Common,0x1005F220,268825120,PATH_RecacheRoomAtCoordIfNeeded,source/D2Common/src/Path/Step.cpp,761,"void PATH_RecacheRoomAtCoordIfNeeded(D2DynamicPathStrc* pPath, D2ActiveRoomStrc* pHintRoom, uint32_t nPrecisionX, uint32_t nPrecisionY) {",
1.00,D2Common,0x1005F420,268825632,sub_6FDACEC0,source/D2Common/include/Path/Step.h,22,"BOOL __fastcall sub_6FDACEC0(D2DynamicPathStrc* pDynamicPath, D2FP32_16* a2, D2UnitStrc** pUnit);",
1.00,D2Common,0x1005F420,268825632,sub_6FDACEC0,source/D2Common/src/Path/Step.cpp,276,"BOOL __fastcall sub_6FDACEC0(D2DynamicPathStrc* pDynamicPath, D2FP32_16* a2, D2UnitStrc** pUnit) {",
1.00,D2Common,0x1005FAB0,268827312,sub_6FDAD5E0,source/D2Common/include/Path/Step.h,30,"BOOL __fastcall sub_6FDAD5E0(D2DynamicPathStrc* pDynamicPath, D2ActiveRoomStrc* pDestRoom, D2PathPointStrc tDest);",
1.00,D2Common,0x1005FAB0,268827312,sub_6FDAD5E0,source/D2Common/src/Path/Step.cpp,528,"BOOL __fastcall sub_6FDAD5E0(D2DynamicPathStrc* pDynamicPath, D2ActiveRoomStrc* pDestRoom, D2PathPointStrc tDest) {",
1.00,D2Common,0x10060120,268828960,D2Common_10231,source/D2Common/include/Path/Step.h,41,"D2COMMON_DLL_DECL int __stdcall D2Common_10231(D2DynamicPathStrc* pDynamicPath, D2UnitStrc* pUnit_unused, D2ActiveRoomStrc* pRooms, uint16_t nX, uint16_t nY);",(#10228)
1.00,D2Common,0x10060120,268828960,D2Common_10231,source/D2Common/src/Path/Step.cpp,748,"int __stdcall D2Common_10231(D2DynamicPathStrc* pDynamicPath, D2UnitStrc* pUnit_unused, D2ActiveRoomStrc* pRooms, uint16_t nX, uint16_t nY) {",(#10228)
1.00,D2Common,0x100604E0,268829920,PATHMISC_SetRoom,source/D2Common/include/Path/Step.h,33,"void __fastcall PATHMISC_SetRoom(D2DynamicPathStrc* pPath, D2ActiveRoomStrc* pNewRoom);",Note: Changed since then. Used to look for the room using coordinates
1.00,D2Common,0x100604E0,268829920,PATHMISC_SetRoom,source/D2Common/src/Path/Step.cpp,638,"void __fastcall PATHMISC_SetRoom(D2DynamicPathStrc* pPath, D2ActiveRoomStrc* pNewRoom) {",Note: Changed since then. Used to look for the room using coordinates
1.00,D2Common,0x10060640,268830272,D2Common_10230,source/D2Common/include/Path/Step.h,38,"D2COMMON_DLL_DECL BOOL __stdcall D2Common_10230(D2DynamicPathStrc* pDynamicPath, int a2, D2ActiveRoomStrc* pRoom, unsigned int a4, __int16 a5);",(#10227)
1.00,D2Common,0x10060640,268830272,D2Common_10230,source/D2Common/src/Path/Step.cpp,676,"BOOL __stdcall D2Common_10230(D2DynamicPathStrc* pDynamicPath, int a2, D2ActiveRoomStrc* pRoom, unsigned int a4, __int16 a5) {",(#10227)
1.00,D2Common,0x100606B0,268830384,D2Common_10232,source/D2Common/include/Path/Step.h,44,"D2COMMON_DLL_DECL BOOL __stdcall D2Common_10232(D2DynamicPathStrc* pPath, D2UnitStrc* pUnit, D2ActiveRoomStrc* pDestRoom, int nTargetX, int nTargetY);",(#10229)
1.00,D2Common,0x100606B0,268830384,D2Common_10232,source/D2Common/src/Path/Step.cpp,801,"BOOL __stdcall D2Common_10232(D2DynamicPathStrc* pPath, D2UnitStrc* pUnit, D2ActiveRoomStrc* pDestRoom, int nTargetX, int nTargetY) {",(#10229)
1.00,D2Common,0x10060A60,268831328,PATH_RecacheRoomIfNeeded,source/D2Common/include/Path/Step.h,48,D2COMMON_DLL_DECL void __stdcall PATH_RecacheRoomIfNeeded(D2DynamicPathStrc* pDynamicPath);,(#10230)
1.00,D2Common,0x10060A60,268831328,PATH_RecacheRoomIfNeeded,source/D2Common/src/Path/Step.cpp,827,void __stdcall PATH_RecacheRoomIfNeeded(D2DynamicPathStrc* pDynamicPath) {,(#10230)
1.00,D2Common,0x10060C40,268831808,D2Common_10234,source/D2Common/include/Path/Step.h,52,D2COMMON_DLL_DECL BOOL __stdcall D2Common_10234(D2DynamicPathStrc* pDynamicPath);,(#10231)
1.00,D2Common,0x10060C40,268831808,D2Common_10234,source/D2Common/src/Path/Step.cpp,836,BOOL __stdcall D2Common_10234(D2DynamicPathStrc* pDynamicPath) {,(#10231)
1.00,D2Common,0x10060C60,268831840,D2Common_10235_PATH_UpdateRiderPath,source/D2Common/include/Path/Step.h,55,"D2COMMON_DLL_DECL void __stdcall D2Common_10235_PATH_UpdateRiderPath(D2UnitStrc* pRiderUnit, D2UnitStrc* pMountUnit);",(#10231)
1.00,D2Common,0x10060C60,268831840,D2Common_10235_PATH_UpdateRiderPath,source/D2Common/src/Path/Step.cpp,849,"void __stdcall D2Common_10235_PATH_UpdateRiderPath(D2UnitStrc* pRiderUnit, D2UnitStrc* pMountUnit) {",(#10231)
1.00,D2Common,0x1006D1E0,268882400,UNITROOM_UpdatePath,source/D2Common/src/Units/UnitRoom.cpp,126,void __stdcall UNITROOM_UpdatePath(D2UnitStrc* pUnit) {,(#10385)
1.00,D2Game,0x10002150,268443984,CLIENTS_RemoveClientFromGame,source/D2Game/src/GAME/Clients.cpp,614,"void __fastcall CLIENTS_RemoveClientFromGame(D2GameStrc* pGame, int32_t nClientIdToRemove, BOOL bTriggerSave) {",
1.00,D2Game,0x10002D70,268447088,CLIENTS_IsInGame,source/D2Game/src/GAME/Clients.cpp,1095,"int32_t __fastcall CLIENTS_IsInGame(D2GameStrc* pGame, int32_t nClientId) {",
1.00,D2Game,0x100056D0,268457680,GAME_ReceiveDatabaseCharacter,source/D2Game/src/GAME/Game.cpp,508,"int32_t __stdcall GAME_ReceiveDatabaseCharacter(int32_t nClientId, const uint8_t* pSaveData, uint16_t nSaveSize, uint16_t nTotalSize, int32_t a5, int32_t a6, FILETIME* pSaveCreationTimestamp, int32_t nCharSaveTransactionToken) {",(#10007)
1.10,D2Common,0x1005E6D0,268822224,PATH_GetDirectionVector,source/D2Common/include/Path/Step.h,11,"void __fastcall PATH_GetDirectionVector(D2CoordStrc* pDirectionVector, int* pOutDirection, DWORD dwStartPrecisionX, DWORD dwStartPrecisionY, DWORD dwTargetPrecisionX, DWORD dwTargetPrecisionY);",
1.10c,D2Common,0x6FDA81C0,1876591040,PATH_IDAStar_GetNextNeighborIndex,source/D2Common/include/Path/IDAStar.h,53,"void __fastcall PATH_IDAStar_GetNextNeighborIndex(D2PathIDAStarNodeStrc* pNode, D2PathIDAStarContextStrc* pContext);",
1.10c,D2Common,0x6FDA81C0,1876591040,PATH_IDAStar_GetNextNeighborIndex,source/D2Common/src/Path/IDAStar.cpp,310,"void __fastcall PATH_IDAStar_GetNextNeighborIndex(D2PathIDAStarNodeStrc* pNode, D2PathIDAStarContextStrc* pContext) {",
1.10f,,0x4014D0,4199632,LoadCurrentlySelectedModule,source/Game/src/Main.cpp,341,D2_MODULES LoadCurrentlySelectedModule(D2ConfigStrc* pCfg) {,(Inlined)
1.10f,,0x6FF51E30,1878335024,DATATBLS_CalcEvaluateExpression,source/Fog/include/Calc.h,108,"FOG_DLL_DECL int __stdcall DATATBLS_CalcEvaluateExpression(const FOGASTNodeStrc* pExpressionBuffer, int32_t nExpressionBufferSize, CalcFogCallBack2_t fpParamCallBack, D2CalcCallbackInfoStrc* pTableData, int nTableSize, void* pUserData);",(#10253)
1.10f,,0x6FF51E30,1878335024,DATATBLS_CalcEvaluateExpression,source/Fog/src/Calc.cpp,167,"int __stdcall DATATBLS_CalcEvaluateExpression(const FOGASTNodeStrc* pExpressionBuffer, int32_t nExpressionBufferSize, CalcFogCallBack2_t fpParamCallBack, D2CalcCallbackInfoStrc* pTableData, int nTableSize, void* pUserData) {",(#10253)
1.10f,,0x6FF524B0,1878336688,DATATBLS_IntStackPush,source/Fog/include/Calc.h,104,"void __fastcall DATATBLS_IntStackPush(Fog64IntStack* pCalcStack, int32_t nValue);",
1.10f,,0x6FF524B0,1878336688,DATATBLS_IntStackPush,source/Fog/src/Calc.cpp,18,"void __fastcall DATATBLS_IntStackPush(Fog64IntStack* pCalcStack, int32_t nValue) {",
1.10f,,0x6FF524D0,1878336720,DATATBLS_IntStackPop,source/Fog/include/Calc.h,100,int __fastcall DATATBLS_IntStackPop(Fog64IntStack* pCalcStack);,
1.10f,,0x6FF524D0,1878336720,DATATBLS_IntStackPop,source/Fog/src/Calc.cpp,6,int __fastcall DATATBLS_IntStackPop(Fog64IntStack* pCalcStack) {,
1.10f,,0x6FF524F0,1878336752,DATATBLS_CompileExpression,source/Fog/include/Calc.h,132,"FOG_DLL_DECL int __stdcall DATATBLS_CompileExpression(const char* szFormulaString, FOGASTNodeStrc* pOutASTBuffer, int nOutASTBufferSize, CalcGetKeyWordToNumber_t pfnFunctionNameToId, CalcGetFunctionParameterCount_t pfnGetFunctionParameterCount, CalcGetLinkerIndex_t pfnLinkParse);",(#10254)
1.10f,,0x6FF524F0,1878336752,DATATBLS_CompileExpression,source/Fog/src/Calc.cpp,684,"int __stdcall DATATBLS_CompileExpression(const char* szFormulaString, FOGASTNodeStrc* pOutASTBuffer, int nOutASTBufferSize, CalcGetKeyWordToNumber_t pfnFunctionNameToId, CalcGetFunctionParameterCount_t pfnGetFunctionParameterCount, CalcGetLinkerIndex_t pfnLinkParse) {",(#10254)
1.10f,,0x6FF53000,1878339584,DATATABLS_CheckPrecendence,source/Fog/include/Calc.h,120,"BOOL __fastcall DATATABLS_CheckPrecendence(FOGASTType nPreviousCalcType, FOGASTType nNewCalcType);",
1.10f,,0x6FF53000,1878339584,DATATABLS_CheckPrecendence,source/Fog/src/Calc.cpp,378,"BOOL __fastcall DATATABLS_CheckPrecendence(FOGASTType nPreviousCalcType, FOGASTType nNewCalcType) {",
1.10f,,0x6FF530B0,1878339760,DATATBLS_Evaluate_HandleNewOp,source/Fog/include/Calc.h,124,"FOGASTNodeStrc* __fastcall DATATBLS_Evaluate_HandleNewOp(FOGASTNodeStrc* pASTBufferPos, FOGASTNodeStrc* pASTBufferStart, int nASTBufferSize, FOGExpressionParserContextStrc* pContext, FOGASTType nNewASTType, CalcGetFunctionParameterCount_t pfnGetFunctionParametersCount, int nTokenAssociatedValue);",
1.10f,,0x6FF530B0,1878339760,DATATBLS_Evaluate_HandleNewOp,source/Fog/src/Calc.cpp,392,"FOGASTNodeStrc* __fastcall DATATBLS_Evaluate_HandleNewOp(FOGASTNodeStrc* pASTBufferPos, FOGASTNodeStrc* pASTBufferStart, int nASTBufferSize, FOGExpressionParserContextStrc* pContext, FOGASTType nNewASTType, CalcGetFunctionParameterCount_t pfnGetFunctionParametersCount, int nTokenAssociatedValue) {",
1.10f,,0x6FF53280,1878340224,DATATBLS_ExpressionBuffer_PushRawConstant,source/Fog/include/Calc.h,112,"FOGASTNodeStrc* __fastcall DATATBLS_ExpressionBuffer_PushRawConstant(FOGASTNodeStrc* pExpressionBufferPos, FOGASTNodeStrc* pExpressionBufferStart, int szBufferSize, FOGExpressionParserContextStrc* pCalc, int32_t nValue);",
1.10f,,0x6FF53280,1878340224,DATATBLS_ExpressionBuffer_PushRawConstant,source/Fog/src/Calc.cpp,293,"FOGASTNodeStrc* __fastcall DATATBLS_ExpressionBuffer_PushRawConstant(FOGASTNodeStrc* pExpressionBufferPos, FOGASTNodeStrc* pExpressionBufferStart, int szBufferSize, FOGExpressionParserContextStrc* pCalc, int32_t nValue) {",
1.10f,,0x6FF5A860,1878370400,FOG_IsWindowsNT,source/Fog/include/System/System.h,11,FOG_DLL_DECL BOOL __stdcall FOG_IsWindowsNT();,(#10176)
1.10f,,0x6FF5A860,1878370400,FOG_IsWindowsNT,source/Fog/src/System/System.cpp,5,BOOL __stdcall FOG_IsWindowsNT() {,(#10176)
1.10f,D2Common,0x6FD44FF0,1876185072,COLLISION_TrySetUnitCollisionMask,source/D2Common/src/D2Collision.cpp,1220,"int __fastcall COLLISION_TrySetUnitCollisionMask(D2ActiveRoomStrc* pRoom1, int nX1, int nY1, D2ActiveRoomStrc* pRoom2, int nX2, int nY2, int nCollisionPattern, uint16_t nFootprintCollisionMask, uint16_t nMoveConditionMask) {",
1.10f,D2Common,0x6FD45A00,1876187648,COLLISION_GetFreeCoordinatesImpl,source/D2Common/src/D2Collision.cpp,1555,"D2ActiveRoomStrc* __fastcall COLLISION_GetFreeCoordinatesImpl(D2ActiveRoomStrc* pRoom, D2CoordStrc* ptSpawnPoint, D2CoordStrc* pFieldCoord, int nUnitSize, unsigned int nMask, unsigned int nFieldMask, BOOL bAllowNeighborRooms, int nMaxDistance, int nPosIncrementValue) {",
1.10f,D2Common,0x6FD462B0,1876189872,COLLISION_GetFreeCoordinatesEx,source/D2Common/src/D2Collision.cpp,1810,"D2ActiveRoomStrc* __stdcall COLLISION_GetFreeCoordinatesEx(D2ActiveRoomStrc* pRoom, D2CoordStrc* pSpawnPoint, int nUnitSize, unsigned int nMask, int nPosIncrementValue) {",(#10137)
1.10f,D2Common,0x6FD751C0,1876382144,DRLG_IsTownLevel,source/D2Common/src/Drlg/DrlgDrlg.cpp,804,BOOL __fastcall DRLG_IsTownLevel(int nLevelId) {,
1.10f,D2Common,0x6FDA6790,1876584336,MONSTERS_ApplyClassicScaling,source/D2Common/src/Monsters/Monsters.cpp,1278,"void __stdcall MONSTERS_ApplyClassicScaling(D2UnitStrc* pMonster, BOOL bExpansion, uint8_t nDifficulty) {",(#11246)
1.10f,D2Common,0x6FDA69E0,1876584928,PATH_AStar_ComputePath,source/D2Common/src/Path/AStar.cpp,128,int __fastcall PATH_AStar_ComputePath(D2PathInfoStrc* pPathInfo) {,
1.10f,D2Common,0x6FDA6D50,1876585808,PATH_AStar_ExploreChildren,source/D2Common/include/Path/AStar.h,48,"BOOL __fastcall PATH_AStar_ExploreChildren(D2PathInfoStrc* pPathInfo, D2PathFoWallContextStrc* pContext, D2PathFoWallNodeStrc* a3, D2PathPointStrc tTargetCoord);",
1.10f,D2Common,0x6FDA6D50,1876585808,PATH_AStar_ExploreChildren,source/D2Common/src/Path/AStar.cpp,189,"BOOL __fastcall PATH_AStar_ExploreChildren(D2PathInfoStrc* pPathInfo, D2PathFoWallContextStrc* pContext, D2PathFoWallNodeStrc* a3, D2PathPointStrc tTargetCoord) {",
1.10f,D2Common,0x6FDA7230,1876587056,PATH_AStar_Heuristic,source/D2Common/include/Path/AStar.h,52,"int __stdcall PATH_AStar_Heuristic(D2PathPointStrc tPoint1, D2PathPointStrc tPoint2);",
1.10f,D2Common,0x6FDA7230,1876587056,PATH_AStar_Heuristic,source/D2Common/src/Path/AStar.cpp,221,"int __stdcall PATH_AStar_Heuristic(D2PathPointStrc tPoint1, D2PathPointStrc tPoint2) {",
1.10f,D2Common,0x6FDA7280,1876587136,PATH_AStar_GetNodeFromPendingCache,source/D2Common/include/Path/AStar.h,59,"D2PathFoWallNodeStrc* __fastcall PATH_AStar_GetNodeFromPendingCache(D2PathFoWallContextStrc* pContext, D2PathPointStrc tPathPoint);",
1.10f,D2Common,0x6FDA7280,1876587136,PATH_AStar_GetNodeFromPendingCache,source/D2Common/src/Path/AStar.cpp,262,"D2PathFoWallNodeStrc* __fastcall PATH_AStar_GetNodeFromPendingCache(D2PathFoWallContextStrc* pContext, D2PathPointStrc tPathPoint) {",
1.10f,D2Common,0x6FDA72D0,1876587216,PATH_AStar_FindPointInVisitedCache,source/D2Common/include/Path/AStar.h,63,"D2PathFoWallNodeStrc* __fastcall PATH_AStar_FindPointInVisitedCache(D2PathFoWallContextStrc* pContext, D2PathPointStrc tPathPoint);",
1.10f,D2Common,0x6FDA72D0,1876587216,PATH_AStar_FindPointInVisitedCache,source/D2Common/src/Path/AStar.cpp,280,"D2PathFoWallNodeStrc* __fastcall PATH_AStar_FindPointInVisitedCache(D2PathFoWallContextStrc* pContext, D2PathPointStrc tPathPoint) {",
1.10f,D2Common,0x6FDA7320,1876587296,PATH_AStar_MakeCandidate,source/D2Common/include/Path/AStar.h,67,"void __fastcall PATH_AStar_MakeCandidate(D2PathFoWallContextStrc* pContext, D2PathFoWallNodeStrc* pNode);",
1.10f,D2Common,0x6FDA7320,1876587296,PATH_AStar_MakeCandidate,source/D2Common/src/Path/AStar.cpp,297,"void __fastcall PATH_AStar_MakeCandidate(D2PathFoWallContextStrc* pContext, D2PathFoWallNodeStrc* pNode) {",
1.10f,D2Common,0x6FDA7390,1876587408,PATH_AStar_PropagateNewFScoreToChildren,source/D2Common/include/Path/AStar.h,71,"void __fastcall PATH_AStar_PropagateNewFScoreToChildren(D2PathFoWallContextStrc* pContext, int nUnused, D2PathFoWallNodeStrc* pNewNode);",
1.10f,D2Common,0x6FDA7390,1876587408,PATH_AStar_PropagateNewFScoreToChildren,source/D2Common/src/Path/AStar.cpp,317,"void __fastcall PATH_AStar_PropagateNewFScoreToChildren(D2PathFoWallContextStrc* pContext, int nUnused, D2PathFoWallNodeStrc* pNewNode) {",
1.10f,D2Common,0x6FDA7450,1876587600,PATH_AStar_GetNewNode,source/D2Common/include/Path/AStar.h,75,D2PathFoWallNodeStrc* __fastcall PATH_AStar_GetNewNode(D2PathFoWallContextStrc* pContext);,
1.10f,D2Common,0x6FDA7450,1876587600,PATH_AStar_GetNewNode,source/D2Common/src/Path/AStar.cpp,347,D2PathFoWallNodeStrc* __fastcall PATH_AStar_GetNewNode(D2PathFoWallContextStrc* pContext) {,
1.10f,D2Common,0x6FDA7490,1876587664,PATH_AStar_EvaluateNeighbor,source/D2Common/include/Path/AStar.h,79,"BOOL __fastcall PATH_AStar_EvaluateNeighbor(D2PathInfoStrc* pPathInfo, D2PathFoWallContextStrc* pContext, D2PathFoWallNodeStrc* pCurrentNode, D2PathPointStrc tNewPointCoord, D2PathPointStrc tTargetCoord);",
1.10f,D2Common,0x6FDA7490,1876587664,PATH_AStar_EvaluateNeighbor,source/D2Common/src/Path/AStar.cpp,373,"BOOL __fastcall PATH_AStar_EvaluateNeighbor(D2PathInfoStrc* pPathInfo, D2PathFoWallContextStrc* pContext, D2PathFoWallNodeStrc* pCurrentNode, D2PathPointStrc tNewPointCoord, D2PathPointStrc tTargetCoord) {",
1.10f,D2Common,0x6FDA78A0,1876588704,PATH_AStar_FlushNodeToDynamicPath,source/D2Common/src/Path/AStar.cpp,423,"signed int __fastcall PATH_AStar_FlushNodeToDynamicPath(D2PathFoWallNodeStrc* pNode, D2PathInfoStrc* pPathInfo) {",
1.10f,D2Common,0x6FDA7970,1876588912,PATH_IdaStar_6FDA7970,source/D2Common/include/Path/IDAStar.h,45,int __fastcall PATH_IdaStar_6FDA7970(D2PathInfoStrc* pPathInfo);,
1.10f,D2Common,0x6FDA7970,1876588912,PATH_IdaStar_6FDA7970,source/D2Common/src/Path/IDAStar.cpp,130,int __fastcall PATH_IdaStar_6FDA7970(D2PathInfoStrc* pPathInfo) {,
1.10f,D2Common,0x6FDA7D40,1876589888,PATH_IDAStar_VisitNodes,source/D2Common/include/Path/IDAStar.h,49,"D2PathIDAStarNodeStrc* __fastcall PATH_IDAStar_VisitNodes(D2PathIDAStarContextStrc* pContext, int nFScoreCutoff, D2PathInfoStrc* pPathInfo);",
1.10f,D2Common,0x6FDA7D40,1876589888,PATH_IDAStar_VisitNodes,source/D2Common/src/Path/IDAStar.cpp,203,"D2PathIDAStarNodeStrc* __fastcall PATH_IDAStar_VisitNodes(D2PathIDAStarContextStrc* pContext, int nFScoreCutoff, D2PathInfoStrc* pPathInfo) {",
1.10f,D2Common,0x6FDA8600,1876592128,D2Common_10142,source/D2Common/include/Path/Path.h,231,"D2COMMON_DLL_DECL int __stdcall D2Common_10142(D2DynamicPathStrc* pPath, D2UnitStrc* pUnit, int bAllowInTown);",(#10142)
1.10f,D2Common,0x6FDA8600,1876592128,D2Common_10142,source/D2Common/src/Path/Path.cpp,351,"int __stdcall D2Common_10142(D2DynamicPathStrc* pPath, D2UnitStrc* pUnit, int bAllowInTown) {",(#10142)
1.10f,D2Common,0x6FDA9A70,1876597360,PATH_SetVelocity,source/D2Common/src/Path/Path.cpp,936,"void __stdcall PATH_SetVelocity(D2DynamicPathStrc* pDynamicPath, int nVelocity, const char* szFile, int nLine) {",(#10146)
1.10f,D2Common,0x6FDAA880,1876600960,sub_6FDAA880,source/D2Common/src/Path/PathMisc.cpp,159,"BOOL __fastcall sub_6FDAA880(D2PathInfoStrc* pPathInfo, int* pTestDir, D2PathPointStrc pPoint, int* pDirection) {",
1.10f,D2Common,0x6FDAA9F0,1876601328,PATH_Toward_6FDAA9F0,source/D2Common/src/Path/PathMisc.cpp,266,int __fastcall PATH_Toward_6FDAA9F0(D2PathInfoStrc *pPathInfo) {,
1.10f,D2Common,0x6FDAABF0,1876601840,PATH_CheckCollisionsToNextPosition,source/D2Common/include/Path/PathMisc.h,34,"BOOL __fastcall PATH_CheckCollisionsToNextPosition(D2DynamicPathStrc* pDynamicPath, D2PathPointStrc* pGameCoord);",
1.10f,D2Common,0x6FDAABF0,1876601840,PATH_CheckCollisionsToNextPosition,source/D2Common/src/Path/PathMisc.cpp,339,"BOOL __fastcall PATH_CheckCollisionsToNextPosition(D2DynamicPathStrc* pDynamicPath, D2PathPointStrc* pGameCoord) {",
1.10f,D2Common,0x6FDAAD10,1876602128,PATH_RayTrace,source/D2Common/include/Path/PathMisc.h,52,"BOOL __fastcall PATH_RayTrace(D2DynamicPathStrc* pDynamicPath, D2PathPointStrc* pPathDestination, D2PathPointStrc tStartCoord);",
1.10f,D2Common,0x6FDAAD10,1876602128,PATH_RayTrace,source/D2Common/src/Path/PathMisc.cpp,375,"BOOL __fastcall PATH_RayTrace(D2DynamicPathStrc* pDynamicPath, D2PathPointStrc* pPathDestination, D2PathPointStrc tStartCoord) {",
1.10f,D2Common,0x6FDAB130,1876603184,PATH_Straight_Compute,source/D2Common/src/Path/PathMisc.cpp,581,int __fastcall PATH_Straight_Compute(D2PathInfoStrc* pPathInfo) {,
1.10f,D2Common,0x6FDAB1E0,1876603360,PATH_Leap_6FDAB1E0,source/D2Common/src/Path/PathMisc.cpp,622,int __fastcall PATH_Leap_6FDAB1E0(D2PathInfoStrc* pPathInfo) {,
1.10f,D2Common,0x6FDAB6A0,1876604576,sub_6FDAB6A0,source/D2Common/include/Path/PathMisc.h,15,"int __stdcall sub_6FDAB6A0(D2PathPointStrc pPoint1, D2PathPointStrc pPoint2);",
1.10f,D2Common,0x6FDAB6A0,1876604576,sub_6FDAB6A0,source/D2Common/src/Path/PathMisc.cpp,845,"int __stdcall sub_6FDAB6A0(D2PathPointStrc pPoint1, D2PathPointStrc pPoint2) {",
1.10f,D2Common,0x6FDAB770,1876604784,sub_6FDAB770,source/D2Common/include/Path/PathMisc.h,20,"int __stdcall sub_6FDAB770(D2PathPointStrc pPoint1, D2PathPointStrc pPoint2);",
1.10f,D2Common,0x6FDAB770,1876604784,sub_6FDAB770,source/D2Common/src/Path/PathMisc.cpp,858,"int __stdcall sub_6FDAB770(D2PathPointStrc pPoint1, D2PathPointStrc pPoint2) {",
1.10f,D2Common,0x6FDAB7D0,1876604880,sub_6FDAB7D0,source/D2Common/src/Path/PathMisc.cpp,876,"void __fastcall sub_6FDAB7D0(int* pTestDir, int nUnused, D2PathPointStrc pPoint1, D2PathPointStrc pPoint2) {",
1.10f,D2Common,0x6FDAB890,1876605072,PATHUtil_AdvanceTowardsTarget_6FDAB890,source/D2Common/include/Path/PathUtil.h,10,void __fastcall PATHUtil_AdvanceTowardsTarget_6FDAB890(D2DynamicPathStrc* ptPath);,
1.10f,D2Common,0x6FDAB890,1876605072,PATHUtil_AdvanceTowardsTarget_6FDAB890,source/D2Common/src/Path/PathUtil.cpp,5,void __fastcall PATHUtil_AdvanceTowardsTarget_6FDAB890(D2DynamicPathStrc* ptPath) {,
1.10f,D2Common,0x6FDAB940,1876605248,sub_6FDAB940,source/D2Common/include/Path/PathUtil.h,14,"void __fastcall sub_6FDAB940(D2PathPointStrc* pOutPathPoint, D2DynamicPathStrc* ptPath);",
1.10f,D2Common,0x6FDAB940,1876605248,sub_6FDAB940,source/D2Common/src/Path/PathUtil.cpp,21,"void __fastcall sub_6FDAB940(D2PathPointStrc* pOutPathPoint, D2DynamicPathStrc* ptPath) {",
1.10f,D2Common,0x6FDABAC0,1876605632,PATH_FindSubpathWithoutObstacles,source/D2Common/include/Path/PathWF.h,11,"int __fastcall PATH_FindSubpathWithoutObstacles(D2PathInfoStrc* pInfo, D2PathPointStrc tSubPathStart, D2PathPointStrc* pPathPoints, int* pSubPathStartIdx, int* nMaxIndex, int nMaxLength, int nMajorDirection);",
1.10f,D2Common,0x6FDAC170,1876607344,PATH_SimplifyToLines,source/D2Common/include/Path/PathWF.h,14,"int __fastcall PATH_SimplifyToLines(D2PathPointStrc* pOutPathPoints, D2PathPointStrc* pInputPoints, D2PathPointStrc tStartCoord, signed int nbTempPoints);",
1.10f,D2Common,0x6FDAC270,1876607600,PATH_ComputePathOrSlideAlongObstacles,source/D2Common/include/Path/PathWF.h,17,int __fastcall PATH_ComputePathOrSlideAlongObstacles(D2PathInfoStrc* ptPathInfo);,
1.10f,D2Common,0x6FDAC5E0,1876608480,PATH_GetDirectionVector,source/D2Common/include/Path/Step.h,12,"void __fastcall PATH_GetDirectionVector(D2CoordStrc* pDirectionVector, int* pOutDirection, DWORD dwStartPrecisionX, DWORD dwStartPrecisionY, DWORD dwTargetPrecisionX, DWORD dwTargetPrecisionY);",
1.10f,D2Common,0x6FDAC5E0,1876608480,PATH_GetDirectionVector,source/D2Common/src/Path/Step.cpp,156,"void __fastcall PATH_GetDirectionVector(D2CoordStrc* pDirectionVector, int* pOutDirection, DWORD dwStartPrecisionX, DWORD dwStartPrecisionY, DWORD dwTargetPrecisionX, DWORD dwTargetPrecisionY) {",
1.10f,D2Common,0x6FDAC790,1876608912,PATH_ComputeVelocityAndDirectionVectorsToNextPoint,source/D2Common/include/Path/PathMisc.h,69,"void __fastcall PATH_ComputeVelocityAndDirectionVectorsToNextPoint(D2DynamicPathStrc* pPath, BOOL bNormalizeDirectionIfSamePos, BOOL bForceDirectionNormalization);",
1.10f,D2Common,0x6FDAC790,1876608912,PATH_ComputeVelocityAndDirectionVectorsToNextPoint,source/D2Common/src/Path/PathMisc.cpp,1012,"void __fastcall PATH_ComputeVelocityAndDirectionVectorsToNextPoint(D2DynamicPathStrc* pPath, BOOL bNormalizeDirectionIfSamePos, BOOL bForceDirectionNormalization) {",
1.10f,D2Common,0x6FDAC8F0,1876609264,D2Common_10236,source/D2Common/include/Path/PathMisc.h,74,"D2COMMON_DLL_DECL int __stdcall D2Common_10236(D2UnitStrc* pUnit, int a2);",(#10236)
1.10f,D2Common,0x6FDAC8F0,1876609264,D2Common_10236,source/D2Common/src/Path/PathMisc.cpp,1066,"int __stdcall D2Common_10236(D2UnitStrc* pUnit, int a2) {",(#10236)
1.10f,D2Common,0x6FDAC9A0,1876609440,D2Common_10226,source/D2Common/src/Path/PathMisc.cpp,1203,"BOOL __stdcall D2Common_10226(D2UnitStrc* pUnit, signed int a2) {",(#10226)
1.10f,D2Common,0x6FDACC40,1876610112,PATH_RecacheRoomAtCoordIfNeeded,source/D2Common/include/Path/Step.h,15,"void PATH_RecacheRoomAtCoordIfNeeded(D2DynamicPathStrc* pPath, D2ActiveRoomStrc* pHintRoom, uint32_t nPrecisionX, uint32_t nPrecisionY);",
1.10f,D2Common,0x6FDACC40,1876610112,PATH_RecacheRoomAtCoordIfNeeded,source/D2Common/src/Path/Step.cpp,762,"void PATH_RecacheRoomAtCoordIfNeeded(D2DynamicPathStrc* pPath, D2ActiveRoomStrc* pHintRoom, uint32_t nPrecisionX, uint32_t nPrecisionY) {",
1.10f,D2Common,0x6FDACEC0,1876610752,sub_6FDACEC0,source/D2Common/include/Path/Step.h,23,"BOOL __fastcall sub_6FDACEC0(D2DynamicPathStrc* pDynamicPath, D2FP32_16* a2, D2UnitStrc** pUnit);",
1.10f,D2Common,0x6FDACEC0,1876610752,sub_6FDACEC0,source/D2Common/src/Path/Step.cpp,277,"BOOL __fastcall sub_6FDACEC0(D2DynamicPathStrc* pDynamicPath, D2FP32_16* a2, D2UnitStrc** pUnit) {",
1.10f,D2Common,0x6FDAD330,1876611888,PATH_ResetMovement,source/D2Common/include/Path/Step.h,27,void PATH_ResetMovement(D2DynamicPathStrc* pDynamicPath);,
1.10f,D2Common,0x6FDAD330,1876611888,PATH_ResetMovement,source/D2Common/src/Path/Step.cpp,784,void PATH_ResetMovement(D2DynamicPathStrc* pDynamicPath) {,
1.10f,D2Common,0x6FDAD5E0,1876612576,sub_6FDAD5E0,source/D2Common/include/Path/Step.h,31,"BOOL __fastcall sub_6FDAD5E0(D2DynamicPathStrc* pDynamicPath, D2ActiveRoomStrc* pDestRoom, D2PathPointStrc tDest);",
1.10f,D2Common,0x6FDAD5E0,1876612576,sub_6FDAD5E0,source/D2Common/src/Path/Step.cpp,529,"BOOL __fastcall sub_6FDAD5E0(D2DynamicPathStrc* pDynamicPath, D2ActiveRoomStrc* pDestRoom, D2PathPointStrc tDest) {",
1.10f,D2Common,0x6FDADA20,1876613664,PATH_RecacheRoom,source/D2Common/src/Path/PathMisc.cpp,1302,"void __fastcall PATH_RecacheRoom(D2DynamicPathStrc* pDynamicPath, D2ActiveRoomStrc* pHintRoom) {",
1.10f,D2Common,0x6FDADC20,1876614176,D2Common_10231,source/D2Common/include/Path/Step.h,42,"D2COMMON_DLL_DECL int __stdcall D2Common_10231(D2DynamicPathStrc* pDynamicPath, D2UnitStrc* pUnit_unused, D2ActiveRoomStrc* pRooms, uint16_t nX, uint16_t nY);",(#10231)
1.10f,D2Common,0x6FDADC20,1876614176,D2Common_10231,source/D2Common/src/Path/Step.cpp,749,"int __stdcall D2Common_10231(D2DynamicPathStrc* pDynamicPath, D2UnitStrc* pUnit_unused, D2ActiveRoomStrc* pRooms, uint16_t nX, uint16_t nY) {",(#10231)
1.10f,D2Common,0x6FDADF00,1876614912,D2Common_10230,source/D2Common/include/Path/Step.h,39,"D2COMMON_DLL_DECL BOOL __stdcall D2Common_10230(D2DynamicPathStrc* pDynamicPath, int a2, D2ActiveRoomStrc* pRoom, unsigned int a4, __int16 a5);",(#10230)
1.10f,D2Common,0x6FDADF00,1876614912,D2Common_10230,source/D2Common/src/Path/Step.cpp,677,"BOOL __stdcall D2Common_10230(D2DynamicPathStrc* pDynamicPath, int a2, D2ActiveRoomStrc* pRoom, unsigned int a4, __int16 a5) {",(#10230)
1.10f,D2Common,0x6FDADF50,1876614992,D2Common_10232,source/D2Common/include/Path/Step.h,45,"D2COMMON_DLL_DECL BOOL __stdcall D2Common_10232(D2DynamicPathStrc* pPath, D2UnitStrc* pUnit, D2ActiveRoomStrc* pDestRoom, int nTargetX, int nTargetY);",(#10232)
1.10f,D2Common,0x6FDADF50,1876614992,D2Common_10232,source/D2Common/src/Path/Step.cpp,802,"BOOL __stdcall D2Common_10232(D2DynamicPathStrc* pPath, D2UnitStrc* pUnit, D2ActiveRoomStrc* pDestRoom, int nTargetX, int nTargetY) {",(#10232)
1.10f,D2Common,0x6FDAE250,1876615760,PATHMISC_SetRoom,source/D2Common/include/Path/Step.h,34,"void __fastcall PATHMISC_SetRoom(D2DynamicPathStrc* pPath, D2ActiveRoomStrc* pNewRoom);",
1.10f,D2Common,0x6FDAE250,1876615760,PATHMISC_SetRoom,source/D2Common/src/Path/Step.cpp,639,"void __fastcall PATHMISC_SetRoom(D2DynamicPathStrc* pPath, D2ActiveRoomStrc* pNewRoom) {",
1.10f,D2Common,0x6FDAE290,1876615824,PATH_RecacheRoomIfNeeded,source/D2Common/include/Path/Step.h,49,D2COMMON_DLL_DECL void __stdcall PATH_RecacheRoomIfNeeded(D2DynamicPathStrc* pDynamicPath);,(#10233)
1.10f,D2Common,0x6FDAE290,1876615824,PATH_RecacheRoomIfNeeded,source/D2Common/src/Path/Step.cpp,828,void __stdcall PATH_RecacheRoomIfNeeded(D2DynamicPathStrc* pDynamicPath) {,(#10233)
1.10f,D2Common,0x6FDAE500,1876616448,D2Common_10234,source/D2Common/include/Path/Step.h,53,D2COMMON_DLL_DECL BOOL __stdcall D2Common_10234(D2DynamicPathStrc* pDynamicPath);,(#10234)
1.10f,D2Common,0x6FDAE500,1876616448,D2Common_10234,source/D2Common/src/Path/Step.cpp,837,BOOL __stdcall D2Common_10234(D2DynamicPathStrc* pDynamicPath) {,(#10234)
1.10f,D2Common,0x6FDAE520,1876616480,D2Common_10235_PATH_UpdateRiderPath,source/D2Common/include/Path/Step.h,56,"D2COMMON_DLL_DECL void __stdcall D2Common_10235_PATH_UpdateRiderPath(D2UnitStrc* pRiderUnit, D2UnitStrc* pMountUnit);",(#10235)
1.10f,D2Common,0x6FDAE520,1876616480,D2Common_10235_PATH_UpdateRiderPath,source/D2Common/src/Path/Step.cpp,850,"void __stdcall D2Common_10235_PATH_UpdateRiderPath(D2UnitStrc* pRiderUnit, D2UnitStrc* pMountUnit) {",(#10235)
1.10f,D2Common,0x6FDBD250,1876677200,UNITROOM_UpdatePath,source/D2Common/src/Units/UnitRoom.cpp,127,void __stdcall UNITROOM_UpdatePath(D2UnitStrc* pUnit) {,(#10390)
1.10f,D2Common,0x6FDBD670,1876678256,UNITS_GetUsedSkill,source/D2Common/src/Units/Units.cpp,71,D2SkillStrc* __stdcall UNITS_GetUsedSkill(D2UnitStrc* pUnit) {,(#10323)
1.10f,D2Common,0x6FDBE270,1876681328,UNITS_GetRoom,source/D2Common/src/Units/Units.cpp,619,D2ActiveRoomStrc* __stdcall UNITS_GetRoom(D2UnitStrc* pUnit) {,(#10342)
1.10f,D2Common,0x6FDBE4C0,1876681920,UNITS_SetAnimData,source/D2Common/src/Units/Units.cpp,692,"void __stdcall UNITS_SetAnimData(D2UnitStrc* pUnit, int nUnitType, int nClassId, int nMode) {",(#10325)
1.10f,D2Common,0x6FDBF050,1876684880,UNITS_UpdateAnimRateAndVelocity,source/D2Common/include/Units/Units.h,322,"D2COMMON_DLL_DECL void __stdcall UNITS_UpdateAnimRateAndVelocity(D2UnitStrc* pUnit, const char* szFile, int nLine);",(#10376)
1.10f,D2Common,0x6FDBF050,1876684880,UNITS_UpdateAnimRateAndVelocity,source/D2Common/src/Units/Units.cpp,1702,"void __stdcall UNITS_UpdateAnimRateAndVelocity(D2UnitStrc* pUnit, const char* szFile, int nLine) {",(#10376)
1.10f,D2Common,0x6FDBFC10,1876687888,UNITS_IsDoor,source/D2Common/src/Units/Units.cpp,1909,BOOL __stdcall UNITS_IsDoor(D2UnitStrc* pUnit) {,(#10392)
1.10f,D2Common,0x6FDC2CB0,1876700336,D2Common_10399,source/D2Common/include/Units/Units.h,493,"D2COMMON_DLL_DECL int __stdcall D2Common_10399(D2UnitStrc* pUnit1, D2UnitStrc* pUnit2);",(#10399)
1.10f,D2Common,0x6FDC2CB0,1876700336,D2Common_10399,source/D2Common/src/Units/Units.cpp,3685,"int __stdcall D2Common_10399(D2UnitStrc* pUnit1, D2UnitStrc* pUnit2) {",(#10399)
1.10f,D2Game,0x6FC31790,1875056528,ARENA_ShouldTreatClassIdAsTemplateId,source/D2Game/include/GAME/Arena.h,66,uint32_t __fastcall ARENA_ShouldTreatClassIdAsTemplateId(D2GameStrc* pGame);,
1.10f,D2Game,0x6FC31790,1875056528,ARENA_ShouldTreatClassIdAsTemplateId,source/D2Game/src/GAME/Arena.cpp,273,uint32_t __fastcall ARENA_ShouldTreatClassIdAsTemplateId(D2GameStrc* pGame) {,
1.10f,D2Game,0x6FC325E0,1875060192,CLIENTS_AddToGame,source/D2Game/include/GAME/Clients.h,258,"D2ClientStrc* __fastcall CLIENTS_AddToGame(D2GameStrc* pGame, int32_t nClientId, uint8_t nClassIdOrCharTemplate, const char* szClientName, const char* szAccount, int32_t nCharSaveTransactionToken, uint32_t nLocale, int32_t a8, int32_t a9);",
1.10f,D2Game,0x6FC325E0,1875060192,CLIENTS_AddToGame,source/D2Game/src/GAME/Clients.cpp,454,"D2ClientStrc* __fastcall CLIENTS_AddToGame(D2GameStrc* pGame, int32_t nClientId, uint8_t nClassIdOrCharTemplate, const char* szClientName, const char* szAccount, int32_t nCharSaveTransactionToken, uint32_t nLocale, int32_t a8, int32_t a9) {",
1.10f,D2Game,0x6FC32A30,1875061296,CLIENTS_RemoveClientFromGame,source/D2Game/src/GAME/Clients.cpp,615,"void __fastcall CLIENTS_RemoveClientFromGame(D2GameStrc* pGame, int32_t nClientIdToRemove, BOOL bTriggerSave) {",
1.10f,D2Game,0x6FC337B0,1875064752,CLIENTS_IsInGame,source/D2Game/src/GAME/Clients.cpp,1096,"int32_t __fastcall CLIENTS_IsInGame(D2GameStrc* pGame, int32_t nClientId) {",
1.10f,D2Game,0x6FC34A80,1875069568,EVENT_FreeEventQueue,source/D2Game/include/GAME/Event.h,101,void __fastcall EVENT_FreeEventQueue(D2GameStrc* pGame);,
1.10f,D2Game,0x6FC34A80,1875069568,EVENT_FreeEventQueue,source/D2Game/src/GAME/Event.cpp,146,void __fastcall EVENT_FreeEventQueue(D2GameStrc* pGame) {,
1.10f,D2Game,0x6FC35410,1875072016,EVENT_AllocTimerSlab,source/D2Game/include/GAME/Event.h,126,D2EventTimerSlabListStrc* __fastcall EVENT_AllocTimerSlab(D2GameStrc* pGame);,
1.10f,D2Game,0x6FC35410,1875072016,EVENT_AllocTimerSlab,source/D2Game/src/GAME/Event.cpp,415,D2EventTimerSlabListStrc* __fastcall EVENT_AllocTimerSlab(D2GameStrc* pGame) {,
1.10f,D2Game,0x6FC35460,1875072096,EVENT_AllocateUnitTimer,source/D2Game/src/GAME/Event.cpp,494,"D2EventTimerStrc* __fastcall EVENT_AllocateUnitTimer(D2GameStrc* pGame, D2UnitStrc* pUnit) {",
1.10f,D2Game,0x6FC36280,1875075712,GAME_ReceiveDatabaseCharacter,source/D2Game/src/GAME/Game.cpp,509,"int32_t __stdcall GAME_ReceiveDatabaseCharacter(int32_t nClientId, const uint8_t* pSaveData, uint16_t nSaveSize, uint16_t nTotalSize, int32_t a5, int32_t a6, FILETIME* pSaveCreationTimestamp, int32_t nCharSaveTransactionToken) {",(#10007)
1.10f,D2Game,0x6FC386D0,1875085008,GAME_UpdateProgress,source/D2Game/include/GAME/Game.h,322,void __fastcall GAME_UpdateProgress(D2GameStrc* pGame);,
1.10f,D2Game,0x6FC386D0,1875085008,GAME_UpdateProgress,source/D2Game/src/GAME/Game.cpp,1775,void __fastcall GAME_UpdateProgress(D2GameStrc* pGame) {,
1.10f,D2Game,0x6FC38E20,1875086880,GAME_UpdateGamesProgress,source/D2Game/include/GAME/Game.h,331,D2GAME_DLL_DECL int32_t __stdcall GAME_UpdateGamesProgress(int32_t a1);,(#10004)
1.10f,D2Game,0x6FC38E20,1875086880,GAME_UpdateGamesProgress,source/D2Game/src/GAME/Game.cpp,2108,int32_t __stdcall GAME_UpdateGamesProgress(int32_t a1) {,(#10004)
1.10f,D2Game,0x6FC77750,1875343184,sub_6FC77750,source/D2Game/src/OBJECTS/ObjMode.cpp,2237,"int32_t __fastcall sub_6FC77750(D2ShrinesTxt* pShrinesTxtRecord, int32_t nStatId, int32_t nValue, D2UnitStrc* pUnit) {",
1.10f,D2Game,0x6FC7BFC0,1875361728,sub_6FC7BFC0,source/D2Game/include/PLAYER/Player.h,31,"void __fastcall sub_6FC7BFC0(D2GameStrc* pGame, D2ActiveRoomStrc* pRoom, int32_t nPlayerGUID, D2CoordStrc* pCoord);",
1.10f,D2Game,0x6FC7BFC0,1875361728,sub_6FC7BFC0,source/D2Game/src/PLAYER/Player.cpp,453,"void __fastcall sub_6FC7BFC0(D2GameStrc* pGame, D2ActiveRoomStrc* pRoom, int32_t nPlayerGUID, D2CoordStrc* pCoord) {",
1.10f,D2Game,0x6FC7FBD0,1875377104,D2GAME_CORPSE_Handler_6FC7FBD0,source/D2Game/include/PLAYER/PlrModes.h,35,"D2UnitStrc* __fastcall D2GAME_CORPSE_Handler_6FC7FBD0(D2GameStrc* pGame, D2UnitStrc* pUnit, int32_t nX, int32_t nY, D2ActiveRoomStrc* pRoom);",
1.10f,D2Game,0x6FC7FBD0,1875377104,D2GAME_CORPSE_Handler_6FC7FBD0,source/D2Game/src/PLAYER/PlrModes.cpp,426,"D2UnitStrc* __fastcall D2GAME_CORPSE_Handler_6FC7FBD0(D2GameStrc* pGame, D2UnitStrc* pUnit, int32_t nX, int32_t nY, D2ActiveRoomStrc* pRoom) {",
1.10f,D2Game,0x6FC8DC20,1875434528,PLRSAVE2_CheckPlayerFlags,source/D2Game/include/PLAYER/PlrSave2.h,128,"int32_t __fastcall PLRSAVE2_CheckPlayerFlags(D2GameStrc* pGame, uint32_t dwFlags, D2ClientStrc* pClient);",
1.10f,D2Game,0x6FC8DC20,1875434528,PLRSAVE2_CheckPlayerFlags,source/D2Game/src/PLAYER/PlrSave2.cpp,630,"int32_t __fastcall PLRSAVE2_CheckPlayerFlags(D2GameStrc* pGame, uint32_t dwFlags, D2ClientStrc* pClient) #else int32_t __fastcall PLRSAVE2_CheckPlayerFlags(D2GameStrc* pGame, uint32_t dwFlags) #endif {",
1.10f,D2Game,0x6FC8DD00,1875434752,PLRSAVE2_ReadSaveHeader,source/D2Game/include/PLAYER/PlrSave2.h,136,"int32_t __fastcall PLRSAVE2_ReadSaveHeader(D2GameStrc* pGame, D2ClientStrc* pClient, uint8_t** ppSection, uint8_t* pEnd, D2UnitStrc** ppPlayer);",
1.10f,D2Game,0x6FC8DD00,1875434752,PLRSAVE2_ReadSaveHeader,source/D2Game/src/PLAYER/PlrSave2.cpp,725,"int32_t __fastcall PLRSAVE2_ReadSaveHeader(D2GameStrc* pGame, D2ClientStrc* pClient, uint8_t** ppSection, uint8_t* pEnd, D2UnitStrc** ppPlayer) {",
1.10f,D2Game,0x6FC8E330,1875436336,PLRSAVE2_ReadSkills,source/D2Game/src/PLAYER/PlrSave2.cpp,1061,"int32_t __fastcall PLRSAVE2_ReadSkills(D2GameStrc* pGame, D2UnitStrc* pPlayer, uint8_t** ppSection, uint8_t* pEnd, uint32_t nVersion, int32_t nSkills) {",
1.10f,D2Lang,0x6FC11B30,1874926384,utf8ToUnicode,source/D2Lang/include/D2Unicode.h,279,"static Unicode* __fastcall utf8ToUnicode(Unicode* dest, char const* src, int count);",(#10059) ?utf8ToUnicode@Unicode@@SIPAU1@PAU1@PBDH@Z
1.10f,D2Win,0x6F8AFDC0,1871379904,D2Win_10043_TEXTBOX_Destroy,source/D2Win/src/D2WinTextBox.cpp,163,int32_t __fastcall D2Win_10043_TEXTBOX_Destroy(D2WinTextBoxStrc* pTextBox) {,(#10043)
1.10f,D2Win,0x6F8B2399,1871389593,ARCHIVE_LoadMPQFile,source/D2Hell/include/Archive.h,133,"D2ArchiveHandleStrc* __fastcall ARCHIVE_LoadMPQFile(const char* szModuleName, const char* szFileName, const char* szLabel, int a4, HANDLE hFile, ARCHIVE_ShowMessageFunctionPtr pfShowMessage, int nPriority);",
1.10f,D2Win,0x6F8B2399,1871389593,ARCHIVE_LoadMPQFile,source/D2Hell/src/Archive.cpp,248,"D2ArchiveHandleStrc* __fastcall ARCHIVE_LoadMPQFile(const char* szModuleName, const char* szFileName, const char* szLabel, int a4, HANDLE hFile, ARCHIVE_ShowMessageFunctionPtr pfShowMessage, int nPriority) {",
1.10f,D2Win,0x6F8B2419,1871389721,ARCHIVE_FindAndOpenArchive,source/D2Hell/src/Archive.cpp,214,"HSARCHIVE __fastcall ARCHIVE_FindAndOpenArchive(LPSTR szOutPath, LPCSTR szModuleName, LPCSTR szFileName, const char* szLabel, int nPriority, BOOL bSomething) {",
1.10f,D2Win,0x6F8B24B1,1871389873,ARCHIVE_FindAndOpenArchiveFromCDRom,source/D2Hell/src/Archive.cpp,184,"int __fastcall ARCHIVE_FindAndOpenArchiveFromCDRom(LPSTR szOutPath, LPCSTR szFileName, int nPriority, HSARCHIVE* phArchive) {",
1.10f,D2Win,0x6F8B2548,1871390024,ARCHIVE_UnloadMPQFile,source/D2Hell/include/Archive.h,135,void __fastcall ARCHIVE_UnloadMPQFile(D2ArchiveHandleStrc* pMPQHandle);,
1.10f,D2Win,0x6F8B2548,1871390024,ARCHIVE_UnloadMPQFile,source/D2Hell/src/Archive.cpp,272,void __fastcall ARCHIVE_UnloadMPQFile(D2ArchiveHandleStrc* pMPQHandle) {,
1.10f,Game,0x401040,4198464,ParseCmdLine,source/Game/src/Main.cpp,196,"void GAMEAPI ParseCmdLine(D2ConfigStrc* pCfg, const char *argv) {",
1.10f,Game,0x401330,4199216,stoLower,source/Game/src/Main.cpp,299,void GAMEAPI stoLower(char *s) {,
1.10f,Game,0x401350,4199248,GetCmdIndex,source/Game/src/Main.cpp,312,int GAMEAPI GetCmdIndex(const char *s) {,
1.10f,Game,0x4013B0,4199344,ParseCmdValue,source/Game/src/Main.cpp,325,void GAMEAPI ParseCmdValue(char *s) {,
1.10f,Game,0x401570,4199792,GameStart,source/Game/src/Main.cpp,366,"int GAMEAPI GameStart(HINSTANCE hInstance, D2ConfigStrc* pCfg, D2_MODULES nModType) {",
1.10f,Game,0x401870,4200560,SaveCmdLine,source/Game/src/Main.cpp,527,void GAMEAPI SaveCmdLine(const char* argv[]) {,
1.10f,Game,0x401970,4200816,GameInit,source/Game/src/Main.cpp,603,"int GAMEAPI GameInit(DWORD dwNumServicesArgs, const char* lpServiceArgVectors[]) {",
1.10f,Game,0x401D00,4201728,AllowExpansion,source/Game/src/Main.cpp,597,BOOL __stdcall AllowExpansion() {,
1.10f,Game,0x401ED0,4202192,D2ServerServiceMain,source/Game/src/Main.cpp,789,"VOID WINAPI D2ServerServiceMain(DWORD dwArgc, LPTSTR *lpszArgv) {",
1.13c,,0x6FD7FB10,1876425488,UNITS_GetBaseAnimSpeed,source/D2Common/src/Units/Units.cpp,1255,"int UNITS_GetBaseAnimSpeed(int nUnitType, int nClassId, int nAnimMode) {",
1.13c,,0x6FD80D50,1876430160,UNITS_GetBaseVelocity,source/D2Common/src/Units/Units.cpp,1287,"int UNITS_GetBaseVelocity(int nUnitType, int nClassId) {",
1.13c,,0x6FD823E0,1876435936,UNITS_GetAnimStatBasePercentage,source/D2Common/src/Units/Units.cpp,1240,"int UNITS_GetAnimStatBasePercentage(D2C_UnitAnimModeStats nStat, D2UnitStrc* pUnit) {",
1.13c,,0x6FF5BB20,1878375200,DATATBLS_CompileExpression,source/Fog/include/Calc.h,133,"FOG_DLL_DECL int __stdcall DATATBLS_CompileExpression(const char* szFormulaString, FOGASTNodeStrc* pOutASTBuffer, int nOutASTBufferSize, CalcGetKeyWordToNumber_t pfnFunctionNameToId, CalcGetFunctionParameterCount_t pfnGetFunctionParameterCount, CalcGetLinkerIndex_t pfnLinkParse);",(#10254)
1.13c,,0x6FF5BB20,1878375200,DATATBLS_CompileExpression,source/Fog/src/Calc.cpp,685,"int __stdcall DATATBLS_CompileExpression(const char* szFormulaString, FOGASTNodeStrc* pOutASTBuffer, int nOutASTBufferSize, CalcGetKeyWordToNumber_t pfnFunctionNameToId, CalcGetFunctionParameterCount_t pfnGetFunctionParameterCount, CalcGetLinkerIndex_t pfnLinkParse) {",(#10254)
1.13c,,0x6FF695E0,1878431200,DATATBLS_ExpressionBuffer_PushCallbackConstant,source/Fog/include/Calc.h,117,"FOGASTNodeStrc* __fastcall DATATBLS_ExpressionBuffer_PushCallbackConstant(FOGASTNodeStrc* pExpressionBufferPos, FOGASTNodeStrc* pExpressionBufferStart, int szBufferSize, FOGExpressionParserContextStrc* pCalc, int32_t nValue);",
1.13c,,0x6FF695E0,1878431200,DATATBLS_ExpressionBuffer_PushCallbackConstant,source/Fog/src/Calc.cpp,301,"FOGASTNodeStrc* __fastcall DATATBLS_ExpressionBuffer_PushCallbackConstant(FOGASTNodeStrc* pExpressionBufferPos, FOGASTNodeStrc* pExpressionBufferStart, int szBufferSize, FOGExpressionParserContextStrc* pCalc, int32_t nValue) {",
1.13c,,0x6FF69680,1878431360,DATATBLS_ExpressionBuffer_PushRawConstant,source/Fog/include/Calc.h,113,"FOGASTNodeStrc* __fastcall DATATBLS_ExpressionBuffer_PushRawConstant(FOGASTNodeStrc* pExpressionBufferPos, FOGASTNodeStrc* pExpressionBufferStart, int szBufferSize, FOGExpressionParserContextStrc* pCalc, int32_t nValue);",
1.13c,,0x6FF69680,1878431360,DATATBLS_ExpressionBuffer_PushRawConstant,source/Fog/src/Calc.cpp,294,"FOGASTNodeStrc* __fastcall DATATBLS_ExpressionBuffer_PushRawConstant(FOGASTNodeStrc* pExpressionBufferPos, FOGASTNodeStrc* pExpressionBufferStart, int szBufferSize, FOGExpressionParserContextStrc* pCalc, int32_t nValue) {",
1.13c,,0x6FF69790,1878431632,DATATABLS_CheckPrecendence,source/Fog/include/Calc.h,121,"BOOL __fastcall DATATABLS_CheckPrecendence(FOGASTType nPreviousCalcType, FOGASTType nNewCalcType);",
1.13c,,0x6FF69790,1878431632,DATATABLS_CheckPrecendence,source/Fog/src/Calc.cpp,379,"BOOL __fastcall DATATABLS_CheckPrecendence(FOGASTType nPreviousCalcType, FOGASTType nNewCalcType) {",
1.13c,,0x6FF697B0,1878431664,DATATABLS_ParseExpressionToken,source/Fog/include/Calc.h,129,"const char* DATATABLS_ParseExpressionToken(const char* szExpression, FOGCalcExpressionParserTokenType* pOutTokenType, FOGExpressionParserContextStrc* pCalc, int* pTokenAssociatedValue, CalcGetKeyWordToNumber_t pfnFunctionNameToId, CalcGetLinkerIndex_t pfnLinkParse);",
1.13c,,0x6FF697B0,1878431664,DATATABLS_ParseExpressionToken,source/Fog/src/Calc.cpp,572,"const char* DATATABLS_ParseExpressionToken(const char* szExpression, FOGCalcExpressionParserTokenType* pOutTokenType, FOGExpressionParserContextStrc* pCalc, int* pTokenAssociatedValue, CalcGetKeyWordToNumber_t pfnFunctionNameToId, CalcGetLinkerIndex_t pfnLinkParse) {",
1.13c,,0x6FF69CB0,1878432944,DATATBLS_IntStackPop,source/Fog/include/Calc.h,101,int __fastcall DATATBLS_IntStackPop(Fog64IntStack* pCalcStack);,
1.13c,,0x6FF69CB0,1878432944,DATATBLS_IntStackPop,source/Fog/src/Calc.cpp,7,int __fastcall DATATBLS_IntStackPop(Fog64IntStack* pCalcStack) {,
1.13c,,0x6FF69CD0,1878432976,DATATBLS_IntStackPush,source/Fog/include/Calc.h,105,"void __fastcall DATATBLS_IntStackPush(Fog64IntStack* pCalcStack, int32_t nValue);",
1.13c,,0x6FF69CD0,1878432976,DATATBLS_IntStackPush,source/Fog/src/Calc.cpp,19,"void __fastcall DATATBLS_IntStackPush(Fog64IntStack* pCalcStack, int32_t nValue) {",
1.13c,,0x6FF69CF0,1878433008,DATATBLS_Evaluate_HandleNewOp,source/Fog/include/Calc.h,125,"FOGASTNodeStrc* __fastcall DATATBLS_Evaluate_HandleNewOp(FOGASTNodeStrc* pASTBufferPos, FOGASTNodeStrc* pASTBufferStart, int nASTBufferSize, FOGExpressionParserContextStrc* pContext, FOGASTType nNewASTType, CalcGetFunctionParameterCount_t pfnGetFunctionParametersCount, int nTokenAssociatedValue);",
1.13c,,0x6FF69CF0,1878433008,DATATBLS_Evaluate_HandleNewOp,source/Fog/src/Calc.cpp,393,"FOGASTNodeStrc* __fastcall DATATBLS_Evaluate_HandleNewOp(FOGASTNodeStrc* pASTBufferPos, FOGASTNodeStrc* pASTBufferStart, int nASTBufferSize, FOGExpressionParserContextStrc* pContext, FOGASTType nNewASTType, CalcGetFunctionParameterCount_t pfnGetFunctionParametersCount, int nTokenAssociatedValue) {",
1.13c,,0x6FF69E90,1878433424,DATATBLS_CalcEvaluateExpression,source/Fog/include/Calc.h,109,"FOG_DLL_DECL int __stdcall DATATBLS_CalcEvaluateExpression(const FOGASTNodeStrc* pExpressionBuffer, int32_t nExpressionBufferSize, CalcFogCallBack2_t fpParamCallBack, D2CalcCallbackInfoStrc* pTableData, int nTableSize, void* pUserData);",(#10253)
1.13c,,0x6FF69E90,1878433424,DATATBLS_CalcEvaluateExpression,source/Fog/src/Calc.cpp,168,"int __stdcall DATATBLS_CalcEvaluateExpression(const FOGASTNodeStrc* pExpressionBuffer, int32_t nExpressionBufferSize, CalcFogCallBack2_t fpParamCallBack, D2CalcCallbackInfoStrc* pTableData, int nTableSize, void* pUserData) {",(#10253)
1.13c,D2Common,0x6FD51250,1876234832,DATATBLS_GetSkillsTxtRecord,source/D2Common/src/DataTbls/SkillsTbls.cpp,932,D2SkillsTxt* __fastcall DATATBLS_GetSkillsTxtRecord(int nSkillId) {,
1.13c,D2Common,0x6FD5CEB0,1876283056,sub_6FD5CEB0,source/D2Common/src/Path/PathMisc.cpp,1120,"void sub_6FD5CEB0(D2DynamicPathStrc* pDynamicPath, int nBaseVelocity) {",
1.13c,D2Common,0x6FD5D240,1876283968,PATH_ComputeVelocityAndDirectionVectorsToNextPoint,source/D2Common/include/Path/PathMisc.h,70,"void __fastcall PATH_ComputeVelocityAndDirectionVectorsToNextPoint(D2DynamicPathStrc* pPath, BOOL bNormalizeDirectionIfSamePos, BOOL bForceDirectionNormalization);",
1.13c,D2Common,0x6FD5D240,1876283968,PATH_ComputeVelocityAndDirectionVectorsToNextPoint,source/D2Common/src/Path/PathMisc.cpp,1013,"void __fastcall PATH_ComputeVelocityAndDirectionVectorsToNextPoint(D2DynamicPathStrc* pPath, BOOL bNormalizeDirectionIfSamePos, BOOL bForceDirectionNormalization) {",
1.13c,D2Common,0x6FD5D760,1876285280,PATH_RecacheRoom,source/D2Common/src/Path/PathMisc.cpp,1303,"void __fastcall PATH_RecacheRoom(D2DynamicPathStrc* pDynamicPath, D2ActiveRoomStrc* pHintRoom) {",
1.13c,D2Common,0x6FD5D820,1876285472,D2Common_10236,source/D2Common/include/Path/PathMisc.h,75,"D2COMMON_DLL_DECL int __stdcall D2Common_10236(D2UnitStrc* pUnit, int a2);",(#10831)
1.13c,D2Common,0x6FD5D820,1876285472,D2Common_10236,source/D2Common/src/Path/PathMisc.cpp,1067,"int __stdcall D2Common_10236(D2UnitStrc* pUnit, int a2) {",(#10831)
1.13c,D2Common,0x6FD5D8E0,1876285664,sub_6FDACEC0,source/D2Common/include/Path/Step.h,24,"BOOL __fastcall sub_6FDACEC0(D2DynamicPathStrc* pDynamicPath, D2FP32_16* a2, D2UnitStrc** pUnit);",
1.13c,D2Common,0x6FD5D8E0,1876285664,sub_6FDACEC0,source/D2Common/src/Path/Step.cpp,278,"BOOL __fastcall sub_6FDACEC0(D2DynamicPathStrc* pDynamicPath, D2FP32_16* a2, D2UnitStrc** pUnit) {",
1.13c,D2Common,0x6FD5DA40,1876286016,PATH_RecacheRoomAtCoordIfNeeded,source/D2Common/include/Path/Step.h,16,"void PATH_RecacheRoomAtCoordIfNeeded(D2DynamicPathStrc* pPath, D2ActiveRoomStrc* pHintRoom, uint32_t nPrecisionX, uint32_t nPrecisionY);",
1.13c,D2Common,0x6FD5DA40,1876286016,PATH_RecacheRoomAtCoordIfNeeded,source/D2Common/src/Path/Step.cpp,763,"void PATH_RecacheRoomAtCoordIfNeeded(D2DynamicPathStrc* pPath, D2ActiveRoomStrc* pHintRoom, uint32_t nPrecisionX, uint32_t nPrecisionY) {",
1.13c,D2Common,0x6FD5DB40,1876286272,PATH_RecacheRoomIfNeeded,source/D2Common/include/Path/Step.h,50,D2COMMON_DLL_DECL void __stdcall PATH_RecacheRoomIfNeeded(D2DynamicPathStrc* pDynamicPath);,(#10770)
1.13c,D2Common,0x6FD5DB40,1876286272,PATH_RecacheRoomIfNeeded,source/D2Common/src/Path/Step.cpp,829,void __stdcall PATH_RecacheRoomIfNeeded(D2DynamicPathStrc* pDynamicPath) {,(#10770)
1.13c,D2Common,0x6FD5DB70,1876286320,sub_6FD5DB70,source/D2Common/src/Path/PathMisc.cpp,1156,BOOL sub_6FD5DB70(D2DynamicPathStrc* pDynamicPath) {,
1.13c,D2Common,0x6FD5DC80,1876286592,PATH_ResetMovement,source/D2Common/include/Path/Step.h,28,void PATH_ResetMovement(D2DynamicPathStrc* pDynamicPath);,
1.13c,D2Common,0x6FD5DC80,1876286592,PATH_ResetMovement,source/D2Common/src/Path/Step.cpp,785,void PATH_ResetMovement(D2DynamicPathStrc* pDynamicPath) {,
1.13c,D2Common,0x6FD5DC80,1876286592,PATH_StopMovement,source/D2Common/src/Path/Step.cpp,695,void PATH_StopMovement(D2DynamicPathStrc* pDynamicPath) {,
1.13c,D2Common,0x6FD5DCE0,1876286688,D2Common_10232,source/D2Common/include/Path/Step.h,46,"D2COMMON_DLL_DECL BOOL __stdcall D2Common_10232(D2DynamicPathStrc* pPath, D2UnitStrc* pUnit, D2ActiveRoomStrc* pDestRoom, int nTargetX, int nTargetY);",(#10223)
1.13c,D2Common,0x6FD5DCE0,1876286688,D2Common_10232,source/D2Common/src/Path/Step.cpp,803,"BOOL __stdcall D2Common_10232(D2DynamicPathStrc* pPath, D2UnitStrc* pUnit, D2ActiveRoomStrc* pDestRoom, int nTargetX, int nTargetY) {",(#10223)
1.13c,D2Common,0x6FD5DDC0,1876286912,D2Common_10231_Impl,source/D2Common/src/Path/Step.cpp,708,"BOOL __stdcall D2Common_10231_Impl(D2DynamicPathStrc* pDynamicPath, D2ActiveRoomStrc* pRoomDest, D2PathPointStrc tDest) {",
1.13c,D2Common,0x6FD5E1A0,1876287904,D2Common_10231,source/D2Common/src/Path/Step.cpp,750,"int __stdcall D2Common_10231(D2DynamicPathStrc* pDynamicPath, D2UnitStrc* pUnit_unused, D2ActiveRoomStrc* pRooms, uint16_t nX, uint16_t nY) {",(#10075)
1.13c,D2Common,0x6FD5E230,1876288048,D2Common_10226,source/D2Common/src/Path/PathMisc.cpp,1204,"BOOL __stdcall D2Common_10226(D2UnitStrc* pUnit, signed int a2) {",(#10342)
1.13c,D2Common,0x6FD7D320,1876415264,DRLG_IsTownLevel,source/D2Common/src/Drlg/DrlgDrlg.cpp,805,BOOL __fastcall DRLG_IsTownLevel(int nLevelId) {,
1.13c,D2Common,0x6FD7EDA0,1876422048,UNITS_IsDoor,source/D2Common/src/Units/Units.cpp,1910,BOOL __stdcall UNITS_IsDoor(D2UnitStrc* pUnit) {,(#11020)
1.13c,D2Common,0x6FD7EF90,1876422544,UNITS_IsAnimModeBlocking,source/D2Common/src/Units/Units.cpp,1425,"BOOL UNITS_IsAnimModeBlocking(int nUnitType, int nAnimMode) {",
1.13c,D2Common,0x6FD7EFC0,1876422592,UNITS_IsAnimModeGetHit,source/D2Common/src/Units/Units.cpp,1525,"BOOL UNITS_IsAnimModeGetHit(int nUnitType, int nAnimMode) {",
1.13c,D2Common,0x6FD7F010,1876422672,UNITS_IsAnimModeKnockBack,source/D2Common/src/Units/Units.cpp,1556,"BOOL UNITS_IsAnimModeKnockBack(int nUnitType, int nAnimMode) {",
1.13c,D2Common,0x6FD7FAC0,1876425408,UNITS_AnimModeAllowsAnimSpeed,source/D2Common/src/Units/Units.cpp,1580,"BOOL UNITS_AnimModeAllowsAnimSpeed(int nUnitType, int nAnimMode, int nClassId) {",
1.13c,D2Common,0x6FD7FE10,1876426256,UNITS_GetRoom,source/D2Common/src/Units/Units.cpp,620,D2ActiveRoomStrc* __stdcall UNITS_GetRoom(D2UnitStrc* pUnit) {,(#10331)
1.13c,D2Common,0x6FD803A0,1876427680,UNITS_GetUsedSkill,source/D2Common/src/Units/Units.cpp,72,D2SkillStrc* __stdcall UNITS_GetUsedSkill(D2UnitStrc* pUnit) {,(#10511)
1.13c,D2Common,0x6FD80B80,1876429696,UNITS_IsSeqAnimSpeedModulatedByFCR,source/D2Common/src/Units/Units.cpp,1467,"BOOL UNITS_IsSeqAnimSpeedModulatedByFCR(D2UnitStrc* pUnit, int nUnitType, int nAnimMode) {",
1.13c,D2Common,0x6FD80BD0,1876429776,UNITS_CanAnimModeUseAttackRate,source/D2Common/src/Units/Units.cpp,1302,"BOOL UNITS_CanAnimModeUseAttackRate(int nUnitType, int nAnimMode, D2UnitStrc* pUnit, int nClassId) {",
1.13c,D2Common,0x6FD80BD0,1876429776,UNITS_CanAnimModeUseVelocityModifier,source/D2Common/src/Units/Units.cpp,1620,"BOOL UNITS_CanAnimModeUseVelocityModifier(int nUnitType, int nAnimMode, D2UnitStrc* pUnit, int nClassId) {",
1.13c,D2Common,0x6FD82670,1876436592,UNITS_SetAnimData,source/D2Common/src/Units/Units.cpp,693,"void __stdcall UNITS_SetAnimData(D2UnitStrc* pUnit, int nUnitType, int nClassId, int nMode) {",(#11122)
1.13c,D2Common,0x6FD83110,1876439312,UNITS_UpdateAnimRateAndVelocity,source/D2Common/include/Units/Units.h,323,"D2COMMON_DLL_DECL void __stdcall UNITS_UpdateAnimRateAndVelocity(D2UnitStrc* pUnit, const char* szFile, int nLine);",(#10819)
1.13c,D2Common,0x6FD83110,1876439312,UNITS_UpdateAnimRateAndVelocity,source/D2Common/src/Units/Units.cpp,1703,"void __stdcall UNITS_UpdateAnimRateAndVelocity(D2UnitStrc* pUnit, const char* szFile, int nLine) {",(#10819)
1.13c,D2Common,0x6FD84D40,1876446528,PATH_SetVelocity,source/D2Common/src/Path/Path.cpp,937,"void __stdcall PATH_SetVelocity(D2DynamicPathStrc* pDynamicPath, int nVelocity, const char* szFile, int nLine) {",(#10488)
1.13c,D2Common,0x6FD85E00,1876450816,PATH_PreparePathTargetForPathUpdate,source/D2Common/include/Path/PathMisc.h,29,BOOL PATH_PreparePathTargetForPathUpdate(D2PathInfoStrc* pPathInfo);,
1.13c,D2Common,0x6FD85E00,1876450816,PATH_PreparePathTargetForPathUpdate,source/D2Common/src/Path/PathMisc.cpp,228,BOOL PATH_PreparePathTargetForPathUpdate(D2PathInfoStrc* pPathInfo) {,
1.13c,D2Common,0x6FD86230,1876451888,D2Common_10142,source/D2Common/include/Path/Path.h,232,"D2COMMON_DLL_DECL int __stdcall D2Common_10142(D2DynamicPathStrc* pPath, D2UnitStrc* pUnit, int bAllowInTown);",(#10334)
1.13c,D2Common,0x6FD86230,1876451888,D2Common_10142,source/D2Common/src/Path/Path.cpp,352,"int __stdcall D2Common_10142(D2DynamicPathStrc* pPath, D2UnitStrc* pUnit, int bAllowInTown) {",(#10334)
1.13c,D2Common,0x6FD8E080,1876484224,PATHUtil_AdvanceTowardsTarget_6FDAB890,source/D2Common/include/Path/PathUtil.h,11,void __fastcall PATHUtil_AdvanceTowardsTarget_6FDAB890(D2DynamicPathStrc* ptPath);,
1.13c,D2Common,0x6FD8E080,1876484224,PATHUtil_AdvanceTowardsTarget_6FDAB890,source/D2Common/src/Path/PathUtil.cpp,6,void __fastcall PATHUtil_AdvanceTowardsTarget_6FDAB890(D2DynamicPathStrc* ptPath) {,
1.13c,D2Common,0x6FD8E190,1876484496,sub_6FDAB6A0,source/D2Common/include/Path/PathMisc.h,16,"int __stdcall sub_6FDAB6A0(D2PathPointStrc pPoint1, D2PathPointStrc pPoint2);",
1.13c,D2Common,0x6FD8E190,1876484496,sub_6FDAB6A0,source/D2Common/src/Path/PathMisc.cpp,846,"int __stdcall sub_6FDAB6A0(D2PathPointStrc pPoint1, D2PathPointStrc pPoint2) {",
1.13c,D2Common,0x6FD8E310,1876484880,sub_6FDAB940,source/D2Common/include/Path/PathUtil.h,15,"void __fastcall sub_6FDAB940(D2PathPointStrc* pOutPathPoint, D2DynamicPathStrc* ptPath);",
1.13c,D2Common,0x6FD8E310,1876484880,sub_6FDAB940,source/D2Common/src/Path/PathUtil.cpp,22,"void __fastcall sub_6FDAB940(D2PathPointStrc* pOutPathPoint, D2DynamicPathStrc* ptPath) {",
1.13c,D2Common,0x6FD8E5F0,1876485616,sub_6FDAB770,source/D2Common/include/Path/PathMisc.h,21,"int __stdcall sub_6FDAB770(D2PathPointStrc pPoint1, D2PathPointStrc pPoint2);","(Inlined everywhere, but not stripped)"
1.13c,D2Common,0x6FD8E5F0,1876485616,sub_6FDAB770,source/D2Common/src/Path/PathMisc.cpp,859,"int __stdcall sub_6FDAB770(D2PathPointStrc pPoint1, D2PathPointStrc pPoint2) {","(Inlined everywhere, but not stripped)"
1.13c,D2Common,0x6FD9D140,1876545856,COLLISION_GetFreeCoordinatesImpl,source/D2Common/src/D2Collision.cpp,1556,"D2ActiveRoomStrc* __fastcall COLLISION_GetFreeCoordinatesImpl(D2ActiveRoomStrc* pRoom, D2CoordStrc* ptSpawnPoint, D2CoordStrc* pFieldCoord, int nUnitSize, unsigned int nMask, unsigned int nFieldMask, BOOL bAllowNeighborRooms, int nMaxDistance, int nPosIncrementValue) {",
1.13c,D2Common,0x6FD9D5C0,1876547008,COLLISION_TrySetUnitCollisionMask,source/D2Common/src/D2Collision.cpp,1221,"int __fastcall COLLISION_TrySetUnitCollisionMask(D2ActiveRoomStrc* pRoom1, int nX1, int nY1, D2ActiveRoomStrc* pRoom2, int nX2, int nY2, int nCollisionPattern, uint16_t nFootprintCollisionMask, uint16_t nMoveConditionMask) {",
1.13c,D2Common,0x6FD9D810,1876547600,COLLISION_GetFreeCoordinatesEx,source/D2Common/src/D2Collision.cpp,1811,"D2ActiveRoomStrc* __stdcall COLLISION_GetFreeCoordinatesEx(D2ActiveRoomStrc* pRoom, D2CoordStrc* pSpawnPoint, int nUnitSize, unsigned int nMask, int nPosIncrementValue) {",(#11049)
1.13c,D2Common,0x6FDA3780,1876572032,DATATBLS_NewTreasureClassEx,source/D2Common/src/DataTbls/MonsterTbls.cpp,1170,D2TCExShortStrc* DATATBLS_NewTreasureClassEx(const char* nTreasureClass) {,
1.13c,D2Common,0x6FDA4430,1876575280,DATATBLS_ParseTreasureClassItem,source/D2Common/src/DataTbls/MonsterTbls.cpp,1185,"void DATATBLS_ParseTreasureClassItem(D2TCExShortStrc* pTCExTxtRecord, D2TreasureClassExTxt* pTreasureClassExTxt, int nLine, int nItem) {",
1.13c,D2Common,0x6FDB6C20,1876651040,PATH_RayTrace,source/D2Common/include/Path/PathMisc.h,53,"BOOL __fastcall PATH_RayTrace(D2DynamicPathStrc* pDynamicPath, D2PathPointStrc* pPathDestination, D2PathPointStrc tStartCoord);",
1.13c,D2Common,0x6FDB6C20,1876651040,PATH_RayTrace,source/D2Common/src/Path/PathMisc.cpp,376,"BOOL __fastcall PATH_RayTrace(D2DynamicPathStrc* pDynamicPath, D2PathPointStrc* pPathDestination, D2PathPointStrc tStartCoord) {",
1.13c,D2Common,0x6FDB7630,1876653616,PATH_CheckCollisionsToNextPosition,source/D2Common/src/Path/PathMisc.cpp,340,"BOOL __fastcall PATH_CheckCollisionsToNextPosition(D2DynamicPathStrc* pDynamicPath, D2PathPointStrc* pGameCoord) {",
1.13c,D2Common,0x6FDB77F0,1876654064,PATH_Leap_6FDAB1E0,source/D2Common/src/Path/PathMisc.cpp,623,int __fastcall PATH_Leap_6FDAB1E0(D2PathInfoStrc* pPathInfo) {,
1.13c,D2Common,0x6FDB7AD0,1876654800,PATH_Straight_Compute,source/D2Common/src/Path/PathMisc.cpp,582,int __fastcall PATH_Straight_Compute(D2PathInfoStrc* pPathInfo) {,
1.13c,D2Common,0x6FDC0650,1876690512,PATH_IDAStar_FlushNodeToDynamicPath,source/D2Common/include/Path/IDAStar.h,62,"signed int __fastcall PATH_IDAStar_FlushNodeToDynamicPath(D2PathIDAStarNodeStrc* pNode, D2PathInfoStrc* pPathInfo);",
1.13c,D2Common,0x6FDC0650,1876690512,PATH_IDAStar_FlushNodeToDynamicPath,source/D2Common/src/Path/IDAStar.cpp,360,"signed int __fastcall PATH_IDAStar_FlushNodeToDynamicPath(D2PathIDAStarNodeStrc* pNode, D2PathInfoStrc* pPathInfo) {",
1.13c,D2Common,0x6FDC0840,1876691008,sub_6FDC0840,source/D2Common/include/Path/IDAStar.h,58,"D2PathIDAStarNodeStrc* __fastcall sub_6FDC0840(D2PathIDAStarNodeStrc* pNode, D2PathIDAStarContextStrc* pContext);",
1.13c,D2Common,0x6FDC0840,1876691008,sub_6FDC0840,source/D2Common/src/Path/IDAStar.cpp,328,"D2PathIDAStarNodeStrc* __fastcall sub_6FDC0840(D2PathIDAStarNodeStrc* pNode, D2PathIDAStarContextStrc* pContext) {",
1.13c,D2Common,0x6FDC08F0,1876691184,PATH_IDAStar_VisitNodes,source/D2Common/include/Path/IDAStar.h,50,"D2PathIDAStarNodeStrc* __fastcall PATH_IDAStar_VisitNodes(D2PathIDAStarContextStrc* pContext, int nFScoreCutoff, D2PathInfoStrc* pPathInfo);",
1.13c,D2Common,0x6FDC08F0,1876691184,PATH_IDAStar_VisitNodes,source/D2Common/src/Path/IDAStar.cpp,204,"D2PathIDAStarNodeStrc* __fastcall PATH_IDAStar_VisitNodes(D2PathIDAStarContextStrc* pContext, int nFScoreCutoff, D2PathInfoStrc* pPathInfo) {",
1.13c,D2Common,0x6FDC0BB0,1876691888,PATH_IdaStar_ComputePathWithRooms,source/D2Common/src/Path/IDAStar.cpp,39,"int __fastcall PATH_IdaStar_ComputePathWithRooms(D2DrlgCoordsStrc* pRoomCoords, D2PathInfoStrc* pPathInfo) {",
1.13c,D2Common,0x6FDC0E40,1876692544,PATH_IdaStar_6FDA7970,source/D2Common/include/Path/IDAStar.h,46,int __fastcall PATH_IdaStar_6FDA7970(D2PathInfoStrc* pPathInfo);,
1.13c,D2Common,0x6FDC0E40,1876692544,PATH_IdaStar_6FDA7970,source/D2Common/src/Path/IDAStar.cpp,131,int __fastcall PATH_IdaStar_6FDA7970(D2PathInfoStrc* pPathInfo) {,
1.13c,D2Common,0x6FDCAB50,1876732752,PATH_AStar_FlushNodeToDynamicPath,source/D2Common/src/Path/AStar.cpp,424,"signed int __fastcall PATH_AStar_FlushNodeToDynamicPath(D2PathFoWallNodeStrc* pNode, D2PathInfoStrc* pPathInfo) {",
1.13c,D2Common,0x6FDCAC50,1876733008,PATH_AStar_PropagateNewFScoreToChildren,source/D2Common/include/Path/AStar.h,72,"void __fastcall PATH_AStar_PropagateNewFScoreToChildren(D2PathFoWallContextStrc* pContext, int nUnused, D2PathFoWallNodeStrc* pNewNode);",
1.13c,D2Common,0x6FDCAC50,1876733008,PATH_AStar_PropagateNewFScoreToChildren,source/D2Common/src/Path/AStar.cpp,318,"void __fastcall PATH_AStar_PropagateNewFScoreToChildren(D2PathFoWallContextStrc* pContext, int nUnused, D2PathFoWallNodeStrc* pNewNode) {",
1.13c,D2Common,0x6FDCAE20,1876733472,PATH_AStar_MakeCandidate,source/D2Common/include/Path/AStar.h,68,"void __fastcall PATH_AStar_MakeCandidate(D2PathFoWallContextStrc* pContext, D2PathFoWallNodeStrc* pNode);",
1.13c,D2Common,0x6FDCAE20,1876733472,PATH_AStar_MakeCandidate,source/D2Common/src/Path/AStar.cpp,298,"void __fastcall PATH_AStar_MakeCandidate(D2PathFoWallContextStrc* pContext, D2PathFoWallNodeStrc* pNode) {",
1.13c,D2Common,0x6FDCAED0,1876733648,PATH_AStar_FindPointInVisitedCache,source/D2Common/include/Path/AStar.h,64,"D2PathFoWallNodeStrc* __fastcall PATH_AStar_FindPointInVisitedCache(D2PathFoWallContextStrc* pContext, D2PathPointStrc tPathPoint);",
1.13c,D2Common,0x6FDCAED0,1876733648,PATH_AStar_FindPointInVisitedCache,source/D2Common/src/Path/AStar.cpp,281,"D2PathFoWallNodeStrc* __fastcall PATH_AStar_FindPointInVisitedCache(D2PathFoWallContextStrc* pContext, D2PathPointStrc tPathPoint) {",
1.13c,D2Common,0x6FDCAF20,1876733728,PATH_AStar_GetNodeFromPendingCache,source/D2Common/include/Path/AStar.h,60,"D2PathFoWallNodeStrc* __fastcall PATH_AStar_GetNodeFromPendingCache(D2PathFoWallContextStrc* pContext, D2PathPointStrc tPathPoint);",
1.13c,D2Common,0x6FDCAF20,1876733728,PATH_AStar_GetNodeFromPendingCache,source/D2Common/src/Path/AStar.cpp,263,"D2PathFoWallNodeStrc* __fastcall PATH_AStar_GetNodeFromPendingCache(D2PathFoWallContextStrc* pContext, D2PathPointStrc tPathPoint) {",
1.13c,D2Common,0x6FDCAF70,1876733808,PATH_AStar_Heuristic,source/D2Common/include/Path/AStar.h,53,"int __stdcall PATH_AStar_Heuristic(D2PathPointStrc tPoint1, D2PathPointStrc tPoint2);",
1.13c,D2Common,0x6FDCAF70,1876733808,PATH_AStar_Heuristic,source/D2Common/src/Path/AStar.cpp,222,"int __stdcall PATH_AStar_Heuristic(D2PathPointStrc tPoint1, D2PathPointStrc tPoint2) {",
1.13c,D2Common,0x6FDCAFB0,1876733872,PATH_AStar_EvaluateNeighbor,source/D2Common/include/Path/AStar.h,80,"BOOL __fastcall PATH_AStar_EvaluateNeighbor(D2PathInfoStrc* pPathInfo, D2PathFoWallContextStrc* pContext, D2PathFoWallNodeStrc* pCurrentNode, D2PathPointStrc tNewPointCoord, D2PathPointStrc tTargetCoord);",
1.13c,D2Common,0x6FDCAFB0,1876733872,PATH_AStar_EvaluateNeighbor,source/D2Common/src/Path/AStar.cpp,374,"BOOL __fastcall PATH_AStar_EvaluateNeighbor(D2PathInfoStrc* pPathInfo, D2PathFoWallContextStrc* pContext, D2PathFoWallNodeStrc* pCurrentNode, D2PathPointStrc tNewPointCoord, D2PathPointStrc tTargetCoord) {",
1.13c,D2Common,0x6FDCB220,1876734496,PATH_AStar_PopBestScoreForVisit,source/D2Common/src/Path/AStar.cpp,112,D2PathFoWallNodeStrc* PATH_AStar_PopBestScoreForVisit(D2PathFoWallContextStrc* pContext) {,
1.13c,D2Common,0x6FDCB2C0,1876734656,PATH_AStar_TargetLocationHasEnoughRoom,source/D2Common/src/Path/AStar.cpp,38,BOOL PATH_AStar_TargetLocationHasEnoughRoom(D2PathInfoStrc* pPathInfo) {,
1.13c,D2Common,0x6FDCB3C0,1876734912,PATH_AStar_ExploreChildren,source/D2Common/include/Path/AStar.h,49,"BOOL __fastcall PATH_AStar_ExploreChildren(D2PathInfoStrc* pPathInfo, D2PathFoWallContextStrc* pContext, D2PathFoWallNodeStrc* a3, D2PathPointStrc tTargetCoord);",
1.13c,D2Common,0x6FDCB3C0,1876734912,PATH_AStar_ExploreChildren,source/D2Common/src/Path/AStar.cpp,190,"BOOL __fastcall PATH_AStar_ExploreChildren(D2PathInfoStrc* pPathInfo, D2PathFoWallContextStrc* pContext, D2PathFoWallNodeStrc* a3, D2PathPointStrc tTargetCoord) {",
1.13c,D2Common,0x6FDCB630,1876735536,PATH_AStar_ComputePath,source/D2Common/src/Path/AStar.cpp,129,int __fastcall PATH_AStar_ComputePath(D2PathInfoStrc* pPathInfo) {,
1.13c,D2Common,0x6FDCFCD0,1876753616,D2Common_10399,source/D2Common/include/Units/Units.h,494,"D2COMMON_DLL_DECL int __stdcall D2Common_10399(D2UnitStrc* pUnit1, D2UnitStrc* pUnit2);",(#10407)
1.13c,D2Common,0x6FDCFCD0,1876753616,D2Common_10399,source/D2Common/src/Units/Units.cpp,3686,"int __stdcall D2Common_10399(D2UnitStrc* pUnit1, D2UnitStrc* pUnit2) {",(#10407)
1.13c,D2Game,0x6FC4E1E0,1875173856,GAME_UpdateGamesProgress,source/D2Game/include/GAME/Game.h,332,D2GAME_DLL_DECL int32_t __stdcall GAME_UpdateGamesProgress(int32_t a1);,(#10008)
1.13c,D2Game,0x6FC4E1E0,1875173856,GAME_UpdateGamesProgress,source/D2Game/src/GAME/Game.cpp,2109,int32_t __stdcall GAME_UpdateGamesProgress(int32_t a1) {,(#10008)
1.13c,D2Game,0x6FC57B10,1875213072,sub_6FC7BFC0,source/D2Game/include/PLAYER/Player.h,32,"void __fastcall sub_6FC7BFC0(D2GameStrc* pGame, D2ActiveRoomStrc* pRoom, int32_t nPlayerGUID, D2CoordStrc* pCoord);",
1.13c,D2Game,0x6FC57B10,1875213072,sub_6FC7BFC0,source/D2Game/src/PLAYER/Player.cpp,454,"void __fastcall sub_6FC7BFC0(D2GameStrc* pGame, D2ActiveRoomStrc* pRoom, int32_t nPlayerGUID, D2CoordStrc* pCoord) {",
1.13c,D2Game,0x6FC6A9B0,1875290544,CLIENTS_AddToGame,source/D2Game/include/GAME/Clients.h,259,"D2ClientStrc* __fastcall CLIENTS_AddToGame(D2GameStrc* pGame, int32_t nClientId, uint8_t nClassIdOrCharTemplate, const char* szClientName, const char* szAccount, int32_t nCharSaveTransactionToken, uint32_t nLocale, int32_t a8, int32_t a9);",
1.13c,D2Game,0x6FC6A9B0,1875290544,CLIENTS_AddToGame,source/D2Game/src/GAME/Clients.cpp,455,"D2ClientStrc* __fastcall CLIENTS_AddToGame(D2GameStrc* pGame, int32_t nClientId, uint8_t nClassIdOrCharTemplate, const char* szClientName, const char* szAccount, int32_t nCharSaveTransactionToken, uint32_t nLocale, int32_t a8, int32_t a9) {",
1.13c,D2Game,0x6FC89B00,1875417856,OBJMODE_GetToHitPercentage,source/D2Game/src/OBJECTS/ObjMode.cpp,2194,"int32_t OBJMODE_GetToHitPercentage(D2UnitStrc* pUnit, D2UnitStrc* pWeapon, D2SkillStrc* pSkill) {",
1.13c,D2Game,0x6FC89EE0,1875418848,sub_6FC77750,source/D2Game/src/OBJECTS/ObjMode.cpp,2238,"int32_t __fastcall sub_6FC77750(D2ShrinesTxt* pShrinesTxtRecord, int32_t nStatId, int32_t nValue, D2UnitStrc* pUnit) {",
1.13c,D2Game,0x6FC99210,1875481104,D2GAME_CORPSE_Handler_6FC7FBD0,source/D2Game/include/PLAYER/PlrModes.h,36,"D2UnitStrc* __fastcall D2GAME_CORPSE_Handler_6FC7FBD0(D2GameStrc* pGame, D2UnitStrc* pUnit, int32_t nX, int32_t nY, D2ActiveRoomStrc* pRoom);",
1.13c,D2Game,0x6FC99210,1875481104,D2GAME_CORPSE_Handler_6FC7FBD0,source/D2Game/src/PLAYER/PlrModes.cpp,427,"D2UnitStrc* __fastcall D2GAME_CORPSE_Handler_6FC7FBD0(D2GameStrc* pGame, D2UnitStrc* pUnit, int32_t nX, int32_t nY, D2ActiveRoomStrc* pRoom) {",
1.13c,D2Game,0x6FCAE420,1875567648,EVENT_AllocTimerSlab,source/D2Game/include/GAME/Event.h,127,D2EventTimerSlabListStrc* __fastcall EVENT_AllocTimerSlab(D2GameStrc* pGame);,
1.13c,D2Game,0x6FCAE420,1875567648,EVENT_AllocTimerSlab,source/D2Game/src/GAME/Event.cpp,416,D2EventTimerSlabListStrc* __fastcall EVENT_AllocTimerSlab(D2GameStrc* pGame) {,
1.13c,D2Game,0x6FCAE540,1875567936,EVENT_AllocateTimer,source/D2Game/src/GAME/Event.cpp,464,D2EventTimerStrc* EVENT_AllocateTimer(D2GameStrc* pGame) {,
1.13c,D2Game,0x6FCAE680,1875568256,EVENT_AllocateUnitTimer,source/D2Game/src/GAME/Event.cpp,495,"D2EventTimerStrc* __fastcall EVENT_AllocateUnitTimer(D2GameStrc* pGame, D2UnitStrc* pUnit) {",
1.13c,D2Game,0x6FCD2620,1875715616,ARENA_ShouldTreatClassIdAsTemplateId,source/D2Game/include/GAME/Arena.h,67,uint32_t __fastcall ARENA_ShouldTreatClassIdAsTemplateId(D2GameStrc* pGame);,
1.13c,D2Game,0x6FCD2620,1875715616,ARENA_ShouldTreatClassIdAsTemplateId,source/D2Game/src/GAME/Arena.cpp,274,uint32_t __fastcall ARENA_ShouldTreatClassIdAsTemplateId(D2GameStrc* pGame) {,
1.13c,D2Game,0x6FD0BAF0,1875950320,PLRSAVE2_CheckPlayerFlags,source/D2Game/include/PLAYER/PlrSave2.h,129,"int32_t __fastcall PLRSAVE2_CheckPlayerFlags(D2GameStrc* pGame, uint32_t dwFlags, D2ClientStrc* pClient);",
1.13c,D2Game,0x6FD0BAF0,1875950320,PLRSAVE2_CheckPlayerFlags,source/D2Game/src/PLAYER/PlrSave2.cpp,631,"int32_t __fastcall PLRSAVE2_CheckPlayerFlags(D2GameStrc* pGame, uint32_t dwFlags, D2ClientStrc* pClient) #else int32_t __fastcall PLRSAVE2_CheckPlayerFlags(D2GameStrc* pGame, uint32_t dwFlags) #endif {",
1.13c,D2Game,0x6FD0CA60,1875954272,PLRSAVE2_ReadSkills,source/D2Game/src/PLAYER/PlrSave2.cpp,1062,"int32_t __fastcall PLRSAVE2_ReadSkills(D2GameStrc* pGame, D2UnitStrc* pPlayer, uint8_t** ppSection, uint8_t* pEnd, uint32_t nVersion, int32_t nSkills) {",
1.13c,D2Game,0x6FD0D250,1875956304,PLRSAVE2_ReadSaveHeader,source/D2Game/include/PLAYER/PlrSave2.h,137,"int32_t __fastcall PLRSAVE2_ReadSaveHeader(D2GameStrc* pGame, D2ClientStrc* pClient, uint8_t** ppSection, uint8_t* pEnd, D2UnitStrc** ppPlayer);",
1.13c,D2Game,0x6FD0D250,1875956304,PLRSAVE2_ReadSaveHeader,source/D2Game/src/PLAYER/PlrSave2.cpp,726,"int32_t __fastcall PLRSAVE2_ReadSaveHeader(D2GameStrc* pGame, D2ClientStrc* pClient, uint8_t** ppSection, uint8_t* pEnd, D2UnitStrc** ppPlayer) {",
1.13f,D2Common,0x6FDC07E0,1876690912,PATH_IDAStar_GetNextNeighborIndex,source/D2Common/include/Path/IDAStar.h,54,"void __fastcall PATH_IDAStar_GetNextNeighborIndex(D2PathIDAStarNodeStrc* pNode, D2PathIDAStarContextStrc* pContext);",
1.13f,D2Common,0x6FDC07E0,1876690912,PATH_IDAStar_GetNextNeighborIndex,source/D2Common/src/Path/IDAStar.cpp,311,"void __fastcall PATH_IDAStar_GetNextNeighborIndex(D2PathIDAStarNodeStrc* pNode, D2PathIDAStarContextStrc* pContext) {",
1.14d,Game,0x524A30,5392944,D2FUNC_DLL,source/D2Lang/include/D2Lang.h,34,"D2FUNC_DLL(D2LANG, GetStringFromTblIndex, const Unicode*, __fastcall, (short index), 0x3740) //D2LANG.#10004 D2FUNC_DLL(D2LANG, GetTblIndex, short, __stdcall, (char* szReference, const Unicode** pUnicode), 0x3960) //D2LANG.#10013",
1.14d,Game,0x52D870,5429360,GAME_UpdateProgress,source/D2Game/include/GAME/Game.h,323,void __fastcall GAME_UpdateProgress(D2GameStrc* pGame);,
1.14d,Game,0x52D870,5429360,GAME_UpdateProgress,source/D2Game/src/GAME/Game.cpp,1776,void __fastcall GAME_UpdateProgress(D2GameStrc* pGame) {,
